"id","barcode","model_number","supplier_id","name","age_type","age_from","age_to","unique_code","color","selling_price"
"1","89260250100479700000","01","2","طقم جيب طب كبيشون","سنة","6","10","89260250100479700000","زهري","26.00000"
"2","57046981907727500000","01","2","طقم جيب طب كبيشون","سنة","6","10","57046981907727500000","ذهبي","26.00000"
"3","31423687273878500000","01","2","طقم جيب طب كبيشون","سنة","6","10","31423687273878500000","أزرق فاتح","26.00000"
"4","93933883254243500000","02","2","طقم جيب طب كبيشون","سنة","12","16","93933883254243500000","أزرق فاتح","29.00000"
"5","11978296347200700000","02","2","طقم جيب طب كبيشون","سنة","12","16","11978296347200700000","ذهبي","29.00000"
"6","48944699356080300000","02","2","طقم جيب طب كبيشون","سنة","12","16","48944699356080300000","أسود","29.00000"
"7","62229779881268000000","03","2","طقم سبور أحرف مفنن","سنة","6","10","62229779881268000000","زيتي","24.50000"
"8","79352127930728100000","03","2","طقم سبور أحرف مفنن","سنة","6","10","79352127930728100000","خمري","24.50000"
"9","95280224078825300000","03","2","طقم سبور أحرف مفنن","سنة","6","10","95280224078825300000","بيج","24.50000"
"10","60373975092269500000","03","2","طقم سبور أحرف مفنن","سنة","6","10","60373975092269500000","بني","24.50000"
"11","12261711358183500000","03","2","طقم سبور أحرف مفنن","سنة","6","10","12261711358183500000","أسود","24.50000"
"12","24201929609298900000","04","2","طقم سبور أحرف مفنن","سنة","12","16","24201929609298900000","زيتي","27.50000"
"13","44930121967321000000","04","2","طقم سبور أحرف مفنن","سنة","12","16","44930121967321000000","خمري","27.50000"
"14","44585554114191300000","04","2","طقم سبور أحرف مفنن","سنة","12","16","44585554114191300000","بيج","27.50000"
"15","29772230332742400000","04","2","طقم سبور أحرف مفنن","سنة","12","16","29772230332742400000","بني","27.50000"
"16","73306830645488500000","04","2","طقم سبور أحرف مفنن","سنة","12","16","73306830645488500000","أسود","27.50000"
"17","13088258113827800000","07","2","طقم سبور أحرف أتش","سنة","6","10","13088258113827800000","بيج","24.50000"
"18","18162366253222500000","07","2","طقم سبور أحرف أتش","سنة","6","10","18162366253222500000","أسود","24.50000"
"19","9102485467023750000","07","2","طقم سبور أحرف أتش","سنة","6","10","9102485467023750000","زيتي","24.50000"
"20","10687653875332900000","07","2","طقم سبور أحرف أتش","سنة","6","10","10687653875332900000","بني","24.50000"
"21","84626909670815000000","08","2","طقم سبور أحرف أتش","سنة","12","16","84626909670815000000","بيج","27.50000"
"22","21638950731720600000","08","2","طقم سبور أحرف أتش","سنة","12","16","21638950731720600000","أسود","27.50000"
"23","90356468367645900000","08","2","طقم سبور أحرف أتش","سنة","12","16","90356468367645900000","زيتي","27.50000"
"24","84251422972366800000","08","2","طقم سبور أحرف أتش","سنة","12","16","84251422972366800000","بني","27.50000"
"25","43818128255205700000","11","2","طقم جيب فوق جلد","سنة","6","10","43818128255205700000","أزرق فاتح","27.00000"
"26","23574942941113900000","11","2","طقم جيب فوق جلد","سنة","6","10","23574942941113900000","زهري","27.00000"
"27","8315455224899190000","11","2","طقم جيب فوق جلد","سنة","6","10","8315455224899190000","زيتي","27.00000"
"28","57344651117959500000","12","2","طقم جيب فوق جلد","سنة","12","16","57344651117959500000","فضي","30.00000"
"29","76832153112680100000","12","2","طقم جيب فوق جلد","سنة","12","16","76832153112680100000","أسود","30.00000"
"30","16186846746633700000","12","2","طقم جيب فوق جلد","سنة","12","16","16186846746633700000","بني غامق","30.00000"
"31","34757509288646300000","13","2","طقم طبع وردات","سنة","6","10","34757509288646300000","أسود","26.00000"
"32","26780371229570700000","13","2","طقم طبع وردات","سنة","6","10","26780371229570700000","أزرق فاتح","26.00000"
"33","38004526528216800000","13","2","طقم طبع وردات","سنة","6","10","38004526528216800000","ذهبي","26.00000"
"34","20038263137149300000","14","2","طقم طبع وردات","سنة","12","16","20038263137149300000","زهري","29.00000"
"35","95426123880996800000","14","2","طقم طبع وردات","سنة","12","16","95426123880996800000","ذهبي","29.00000"
"36","59354543362361300000","14","2","طقم طبع وردات","سنة","12","16","59354543362361300000","أزرق فاتح","29.00000"
"37","15989666918505800000","15","2","طقم طبع بنت فراشة","سنة","6","10","15989666918505800000","زهري","26.00000"
"38","85381187188266800000","15","2","طقم طبع بنت فراشة","سنة","6","10","85381187188266800000","أزرق فاتح","26.00000"
"39","50049678045031000000","15","2","طقم طبع بنت فراشة","سنة","6","10","50049678045031000000","بيج","26.00000"
"40","11189353165600300000","16","2","طقم طبع بنت فراشة","سنة","12","16","11189353165600300000","زيتي","29.00000"
"41","12116698507990200000","16","2","طقم طبع بنت فراشة","سنة","12","16","12116698507990200000","أسود","29.00000"
"42","64652254032191200000","16","2","طقم طبع بنت فراشة","سنة","12","16","64652254032191200000","بني غامق","29.00000"
"43","87806772071512500000","19","2","طقم تطريز بولو نصية","سنة","6","10","87806772071512500000","بيج","24.50000"
"44","90373960324498900000","19","2","طقم تطريز بولو نصية","سنة","6","10","90373960324498900000","زيتي","24.50000"
"45","69301356027593400000","19","2","طقم تطريز بولو نصية","سنة","6","10","69301356027593400000","بني","24.50000"
"46","21555913703093400000","20","2","طقم تطريز بولو نصية","سنة","12","16","21555913703093400000","خمري","27.50000"
"47","30566404886001900000","20","2","طقم تطريز بولو نصية","سنة","12","16","30566404886001900000","أسود","27.50000"
"48","583621051673655000","20","2","طقم تطريز بولو نصية","سنة","12","16","583621051673655000","بني فاتح","27.50000"
"49","95904320879085800000","20","2","طقم تطريز بولو نصية","سنة","12","16","95904320879085800000","زيتي","27.50000"
"50","50346552059713300000","21","2","طقم تطريز صيني نصية","سنة","6","10","50346552059713300000","بني غامق","24.50000"
"51","63325572292992500000","21","2","طقم تطريز صيني نصية","سنة","6","10","63325572292992500000","زيتي","24.50000"
"52","31863357898274200000","21","2","طقم تطريز صيني نصية","سنة","6","10","31863357898274200000","بيج","24.50000"
"53","3221572662478020000","22","2","طقم تطريز صيني نصية","سنة","12","16","3221572662478020000","زيتي","27.50000"
"54","18684493130346600000","22","2","طقم تطريز صيني نصية","سنة","12","16","18684493130346600000","بني غامق","27.50000"
"55","64432356722331900000","22","2","طقم تطريز صيني نصية","سنة","12","16","64432356722331900000","بني فاتح","27.50000"
"56","65006223401001400000","27","2","طقم قطع صدرمضلع","سنة","6","10","65006223401001400000","زيتي","24.50000"
"57","16445378665168500000","27","2","طقم قطع صدرمضلع","سنة","6","10","16445378665168500000","فضي","24.50000"
"58","74417430201369800000","27","2","طقم قطع صدرمضلع","سنة","6","10","74417430201369800000","بني غامق","24.50000"
"59","64617398833043500000","27","2","طقم قطع صدرمضلع","سنة","6","10","64617398833043500000","بيج","24.50000"
"60","18651594291844600000","28","2","طقم قطع صدرمضلع","سنة","12","16","18651594291844600000","أسود","27.50000"
"61","73565267534242300000","28","2","طقم قطع صدرمضلع","سنة","12","16","73565267534242300000","بني غامق","27.50000"
"62","46500260373382500000","28","2","طقم قطع صدرمضلع","سنة","12","16","46500260373382500000","زيتي","27.50000"
"63","45069768626421500000","28","2","طقم قطع صدرمضلع","سنة","12","16","45069768626421500000","بيج","27.50000"
"66","13469749923478900000","3005","5","طقم جونيور سبايدرمان","سنة","2","5","13469749923478900000","أبيض","27.50000"
"67","48143571777691100000","3005","5","طقم جونيور سبايدرمان","سنة","2","5","48143571777691100000","بني","27.50000"
"68","2500446406755980000","3005","5","طقم جونيور سبايدرمان","سنة","2","5","2500446406755980000","سماوي","27.50000"
"69","11485050921930500000","3004","5","طقم جونيور باتمان","سنة","2","5","11485050921930500000","ابيض","27.50000"
"70","48082960432038600000","3004","5","طقم جونيور باتمان","سنة","2","5","48082960432038600000","بيج فاتح","27.50000"
"71","54972659274059300000","151","4","بيجاما ب ب تونز مخمل","سنة","2","5","54972659274059300000","بني","10.03500"
"72","32848685793820600000","142","4","بيجاما ب ب تونز مخمل","سنة","2","5","32848685793820600000","أزرق غامق","10.00000"
"73","60104410693050800000","148","4","بيجاما ب ب تونز فليس","سنة","2","5","60104410693050800000","بيج","10.03500"
"74","61396923805116800000","140","4","بيجاما ب ب تونز مخمل","سنة","2","5","61396923805116800000","زهري","10.03500"
"75","58117647364656600000","131","4","بيجاما ب ب تونز فليس","سنة","2","5","58117647364656600000","خمري","10.03500"
"76","13128144854598200000","149","4","بيجاما ب ب فليس كبيشون","سنة","2","5","13128144854598200000","زيتي","9.00000"
"77","50293630135269200000","3600","1","بنطال ولادي كلاسيك","سنة","1","4","50293630135269200000","أسود","3.60750"
"78","24488699568729600000","3600","1","بنطال ولادي كلاسيك","سنة","1","4","24488699568729600000","فضي","3.60750"
"79","47690898373307600000","3600","1","بنطال ولادي كلاسيك","سنة","1","4","47690898373307600000","أزرق فاتح","3.60750"
"80","2522762851635530000","3600","1","بنطال ولادي كلاسيك","سنة","1","4","2522762851635530000","أزرق غامق","3.60750"
"81","35552367633501100000","3600","1","بنطال ولادي كلاسيك","سنة","5","8","35552367633501100000","أسود","4.10700"
"82","21535776401721300000","3600","1","بنطال ولادي كلاسيك","سنة","5","8","21535776401721300000","فضي","4.10700"
"83","14070675373102300000","3600","1","بنطال ولادي كلاسيك","سنة","5","8","14070675373102300000","أزرق فاتح","4.10700"
"84","2174213615390620000","3600","1","بنطال ولادي كلاسيك","سنة","5","8","2174213615390620000","أزرق غامق","4.10700"
"85","45562692273109600000","3600","1","بنطال ولادي كلاسيك","سنة","9","12","45562692273109600000","أسود","4.60650"
"86","24063316850802200000","3600","1","بنطال ولادي كلاسيك","سنة","9","12","24063316850802200000","فضي","4.60650"
"87","82111193222197200000","3600","1","بنطال ولادي كلاسيك","سنة","9","12","82111193222197200000","أزرق فاتح","4.60650"
"88","38831770669160500000","3600","1","بنطال ولادي كلاسيك","سنة","9","12","38831770669160500000","أزرق غامق","4.60650"
"89","64340812715019700000","3600","1","بنطال ولادي كلاسيك","سنة","13","16","64340812715019700000","أسود","4.99500"
"90","72354194930790300000","3600","1","بنطال ولادي كلاسيك","سنة","13","16","72354194930790300000","فضي","4.99500"
"91","57742462996482400000","3600","1","بنطال ولادي كلاسيك","سنة","13","16","57742462996482400000","أزرق فاتح","4.99500"
"92","63199260676799000000","3600","1","بنطال ولادي كلاسيك","سنة","13","16","63199260676799000000","أزرق غامق","4.99500"
"93","71729395141380800000","3601","1","بنطال ولادي كلاسيك","سنة","1","4","71729395141380800000","أسود","3.70000"
"94","74185810997570400000","3601","1","بنطال ولادي كلاسيك","سنة","1","4","74185810997570400000","فضي","3.70000"
"95","14866071455313900000","3601","1","بنطال ولادي كلاسيك","سنة","1","4","14866071455313900000","أزرق فاتح","3.70000"
"96","68967391843010300000","3601","1","بنطال ولادي كلاسيك","سنة","1","4","68967391843010300000","أزرق غامق","3.70000"
"97","61575046290555300000","3601","1","بنطال ولادي كلاسيك","سنة","5","8","61575046290555300000","أسود","4.10001"
"98","13993324507855600000","3601","1","بنطال ولادي كلاسيك","سنة","5","8","13993324507855600000","فضي","4.10001"
"99","93709380972106100000","3601","1","بنطال ولادي كلاسيك","سنة","5","8","93709380972106100000","أزرق فاتح","4.10001"
"100","72110697461249300000","3601","1","بنطال ولادي كلاسيك","سنة","5","8","72110697461249300000","أزرق غامق","4.10001"
"101","37912302738881200000","3601","1","بنطال ولادي كلاسيك","سنة","9","12","37912302738881200000","أسود","4.60003"
"102","21087299478804200000","3601","1","بنطال ولادي كلاسيك","سنة","9","12","21087299478804200000","فضي","4.60003"
"103","91111988925482900000","3601","1","بنطال ولادي كلاسيك","سنة","9","12","91111988925482900000","أزرق فاتح","4.60003"
"104","35035358920553600000","3601","1","بنطال ولادي كلاسيك","سنة","9","12","35035358920553600000","أزرق غامق","4.60003"
"105","59517511288037600000","3601","1","بنطال ولادي كلاسيك","سنة","13","16","59517511288037600000","أسود","5.00040"
"106","90479754525723900000","3601","1","بنطال ولادي كلاسيك","سنة","13","16","90479754525723900000","فضي","5.00040"
"107","80101504276436000000","3601","1","بنطال ولادي كلاسيك","سنة","13","16","80101504276436000000","أزرق فاتح","5.00040"
"108","24631262967541800000","3601","1","بنطال ولادي كلاسيك","سنة","13","16","24631262967541800000","أزرق غامق","5.00040"
"109","98370536278704500000","5014","1","بنطال بناتي اسبانيول كلاسيك","سنة","5","8","98370536278704500000","أسود","5.70000"
"110","79237453115707500000","5014","1","بنطال بناتي اسبانيول كلاسيك","سنة","5","8","79237453115707500000","أزرق فاتح","5.70000"
"111","30042122221677900000","5014","1","بنطال بناتي اسبانيول كلاسيك","سنة","5","8","30042122221677900000","أزرق غامق","5.70000"
"112","1797874556894190000","5014","1","بنطال بناتي اسبانيول كلاسيك","سنة","9","12","1797874556894190000","أسود","6.30000"
"113","53897452298777500000","5014","1","بنطال بناتي اسبانيول كلاسيك","سنة","9","12","53897452298777500000","أزرق فاتح","6.30000"
"114","44635683115451800000","5014","1","بنطال بناتي اسبانيول كلاسيك","سنة","9","12","44635683115451800000","أزرق غامق","6.30000"
"115","66413849692636600000","5014","1","بنطال بناتي اسبانيول كلاسيك","سنة","13","16","66413849692636600000","أسود","7.10000"
"116","98480859360608900000","5014","1","بنطال بناتي اسبانيول كلاسيك","سنة","13","16","98480859360608900000","أزرق فاتح","7.10000"
"117","13451459332498300000","5014","1","بنطال بناتي اسبانيول كلاسيك","سنة","13","16","13451459332498300000","أزرق غامق","7.10000"
"118","44630452477783850000","2351","5","طقم تايغر","سنة","1","4","44630452477783850000","قرميدي","22.00000"
"119","73858612898647500000","2351","5","طقم تايغر","سنة","1","4","73858612898647500000","بني محروق","22.00000"
"120","15372935032809042000","2351","5","طقم تايغر","سنة","1","4","15372935032809042000","بني فاتح","22.00000"
"121","47154290331766325000","2351","5","طقم تايغر","سنة","1","4","47154290331766325000","أصفر","22.00000"
"122","53163523670401850000","2351","5","طقم تايغر","سنة","1","4","53163523670401850000","بني","22.00000"
"123","44795117583143720000","2151","5","طقم تايغر","سنة","6","12","44795117583143720000","بني","23.98000"
"124","83181679193278610000","2151","5","طقم تايغر","سنة","6","12","83181679193278610000","قرميدي","23.98000"
"125","43566203545585200000","2151","5","طقم تايغر","سنة","6","12","43566203545585200000","بني محروق","23.98000"
"126","28599645920234643000","2151","5","طقم تايغر","سنة","6","12","28599645920234643000","بني فاتح","23.98000"
"127","25958369312013040000","2151","5","طقم تايغر","سنة","6","12","25958369312013040000","أصفر","23.98000"
"129","63710176056563940000","2155","5","طقم سباير","سنة","4","12","63710176056563940000","بيج","22.00000"
"130","65313613713405690000","2155","5","طقم سباير","سنة","4","12","65313613713405690000","بني محروق","22.00000"
"131","92333306356540360000","2155","5","طقم سباير","سنة","4","12","92333306356540360000","شوكو","22.00000"
"132","56218869983163154000","2155","5","طقم سباير","سنة","4","12","56218869983163154000","زيتي","22.00000"
"133","35777489933237354000","2355","5","طقم سباير","سنة","2","5","35777489933237354000","بني محروق","21.00000"
"134","99755006596230900000","2355","5","طقم سباير","سنة","2","5","99755006596230900000","زيتي","21.00000"
"135","77011097245796300000","2355","5","طقم سباير","سنة","2","5","77011097245796300000","شوكو","21.00000"
"136","23412639435517510000","2355","5","طقم سباير","سنة","2","5","23412639435517510000","بيج","21.00000"
"137","87870263737152910000","3005","5","طقم جونيور سبايدرن مان","سنة","2","5","87870263737152910000","بيج فاتح","27.50000"
"138","58740252546188790000","3005","5","طقم جونيور سبايدرن مان","سنة","2","5","58740252546188790000","بيج غامق","27.50000"
"139","20168065959426090000","3005","5","طقم جونيور سبايدرن مان","سنة","2","5","20168065959426090000","أزرق فاتح","27.50000"
"140","62285675894468490000","3005","5","طقم جونيور سبايدرن مان","سنة","2","5","62285675894468490000","زيتي","27.50000"
"141","98197764965751950000","3004","5","طقم جونيور باتمان","سنة","2","5","98197764965751950000","زيتي","27.50000"
"142","73132080864602840000","3004","5","طقم جونيور باتمان","سنة","2","5","73132080864602840000","أزرق فاتح","27.50000"
"143","28454216384105808000","3004","5","طقم جونيور باتمان","سنة","2","5","28454216384105808000","أبيض","27.50000"
"144","88981029717360250000","3004","5","طقم جونيور باتمان","سنة","2","5","88981029717360250000","بيج","27.50000"
"145","47830516345209370000","2158","5","طقم وسط صبياني كابتن","سنة","5","10","47830516345209370000","بني محروق","24.00000"
"146","23561791299114377000","2158","5","طقم وسط صبياني كابتن","سنة","5","10","23561791299114377000","بني فاتح","24.00000"
"147","31673183252673343000","2158","5","طقم وسط صبياني كابتن","سنة","5","10","31673183252673343000","شوكو","24.00000"
"148","67243002673136680000","2158","5","طقم وسط صبياني كابتن","سنة","5","10","67243002673136680000","فضي","24.00000"
"149","81144691418100830000","2158","5","طقم وسط صبياني كابتن","سنة","5","10","81144691418100830000","بيج فاتح","24.00000"
"150","47307834972375750000","2158","5","طقم وسط صبياني كابتن","سنة","5","10","47307834972375750000","أسود","24.00000"
"151","25275719873957306000","2158","5","طقم وسط صبياني كابتن","سنة","5","10","25275719873957306000","سمني","24.00000"
"152","64864357446897150000","2358","5","طقمم ب ب صبياني كابتن","سنة","1","4","64864357446897150000","بني فاتح","22.00000"
"153","77086712187021980000","2358","5","طقمم ب ب صبياني كابتن","سنة","1","4","77086712187021980000","بني محروق","22.00000"
"154","72504893191998020000","2358","5","طقمم ب ب صبياني كابتن","سنة","1","4","72504893191998020000","سمني","22.00000"
"155","60205194210443090000","2358","5","طقمم ب ب صبياني كابتن","سنة","1","4","60205194210443090000","أسود","22.00000"
"156","92135431144931660000","5022","1","بنطال بناتي","سنة","2","5","92135431144931660000","أسود","4.50000"
"157","78703368819660620000","5022","1","بنطال بناتي","سنة","2","5","78703368819660620000","أزرق فاتح","4.50000"
"158","49131729822106300000","5022","1","بنطال بناتي","سنة","2","5","49131729822106300000","أزرق داكن","4.50000"
"159","50653476233830810000","5022","1","بنطال بناتي","سنة","6","10","50653476233830810000","أسود","5.10000"
"160","57361604687721570000","5022","1","بنطال بناتي","سنة","6","10","57361604687721570000","أزرق فاتح","5.10000"
"161","83475395305997600000","5022","1","بنطال بناتي","سنة","6","10","83475395305997600000","أزرق داكن","5.10000"
"162","19449013330595850000","38","2","طقم بناتي سقطات نصية","سنة","6","10","19449013330595850000","بيج غامق","27.00000"
"163","16406798608536381000","38","2","طقم بناتي سقطات نصية","سنة","6","10","16406798608536381000","بيج فاتح","27.00000"
"164","68083205963774790000","38","2","طقم بناتي سقطات نصية","سنة","6","10","68083205963774790000","زهري","27.00000"
"165","87881798611623990000","39","2","طقم بناتي سقطات نصية محير","سنة","12","16","87881798611623990000","بيج غامق","29.00000"
"166","49537746122822180000","39","2","طقم بناتي سقطات نصية محير","سنة","12","16","49537746122822180000","بيج فاتح","29.00000"
"167","90319787527702480000","39","2","طقم بناتي سقطات نصية محير","سنة","12","16","90319787527702480000","زهري","29.00000"
"176","13798184355511069000","5040","1","بنطال بناتي","سنة","5","8","13798184355511069000","أزرق داكن","4.90000"
"177","52402250027037880000","5040","1","بنطال بناتي","سنة","5","8","52402250027037880000","أزرق فاتح","4.90000"
"178","67481132202082870000","5040","1","بنطال بناتي","سنة","9","12","67481132202082870000","أزرق فاتح","5.10000"
"179","24998826989940590000","5040","1","بنطال بناتي","سنة","9","12","24998826989940590000","أزرق داكن","5.10000"
"180","25487736221186286000","5040","1","بنطال بناتي","سنة","13","16","25487736221186286000","أزرق داكن","6.12000"
"181","47502929700581810000","5040","1","بنطال بناتي","سنة","13","16","47502929700581810000","أزرق فاتح","6.12000"
"182","22922458095518050000","1022","1","بنطال ولادي كلاسيك","سنة","1","4","22922458095518050000","أسود","3.60000"
"183","90588507976608970000","1022","1","بنطال ولادي كلاسيك","سنة","1","4","90588507976608970000","أزرق فاتح","3.60000"
"184","75586200700683060000","1022","1","بنطال ولادي كلاسيك","سنة","1","4","75586200700683060000","أزرق داكن","3.60000"
"185","27452239357303300000","1022","1","بنطال ولادي كلاسيك","سنة","5","8","27452239357303300000","أزرق فاتح","4.10000"
"186","53372060213785390000","1022","1","بنطال ولادي كلاسيك","سنة","5","8","53372060213785390000","أزرق داكن","4.10000"
"187","13522708095014806000","1022","1","بنطال ولادي كلاسيك","سنة","5","8","13522708095014806000","أسود","4.10000"
"188","88609951767871500000","1022","1","بنطال ولادي كلاسيك","سنة","9","12","88609951767871500000","أسود","4.70000"
"189","86363220073269130000","1022","1","بنطال ولادي كلاسيك","سنة","9","12","86363220073269130000","أزرق فاتح","4.70000"
"190","34669293560758653000","1022","1","بنطال ولادي كلاسيك","سنة","9","12","34669293560758653000","أزرق داكن","4.70000"
"191","79381630955342000000","1022","1","بنطال ولادي كلاسيك","سنة","13","16","79381630955342000000","أزرق داكن","5.00000"
"192","30866821840538173000","1022","1","بنطال ولادي كلاسيك","سنة","13","16","30866821840538173000","أزرق فاتح","5.00000"
"193","86544463931717620000","1022","1","بنطال ولادي كلاسيك","سنة","13","16","86544463931717620000","أسود","5.00000"
"195","70436322867756370000","653","5","طقم ب ب صبياني","سنة","2","5","70436322867756370000","فضي","23.59800"
"196","34671845007298410000","653","5","طقم ب ب صبياني","سنة","2","5","34671845007298410000","أسود","23.59800"
"197","80196684504407820000","2356","5","طقم ب ب صبياني باتمان","سنة","1","4","80196684504407820000","أبيض","23.00000"
"198","55597102651942320000","2356","5","طقم ب ب صبياني باتمان","سنة","1","4","55597102651942320000","أسود","23.00000"
"199","59966571478984960000","2356","5","طقم ب ب صبياني باتمان","سنة","1","4","59966571478984960000","فضي","23.00000"
"200","11694240213268273000","2356","5","طقم ب ب صبياني باتمان","سنة","1","4","11694240213268273000","بني محروق","23.00000"
"201","27642634662082700000","2356","5","طقم ب ب صبياني باتمان","سنة","1","4","27642634662082700000","بني فاتح","23.00000"
"202","60530344597916000000","2356","5","طقم ب ب صبياني باتمان","سنة","1","4","60530344597916000000","قرميدي","23.00000"
"203","88946678175738090000","3005","5","طقم جونيور صبياني","سنة","1","4","88946678175738090000","بيج فاتح","27.00000"
"204","24832028906270433000","3005","5","طقم جونيور صبياني","سنة","1","4","24832028906270433000","أزرق فاتح","27.00000"
"205","66412550962515845000","3005","5","طقم جونيور صبياني","سنة","1","4","66412550962515845000","زيتي","27.00000"
"206","14628037951363826000","3005","5","طقم جونيور صبياني","سنة","1","4","14628037951363826000","بيج غامق","27.00000"
"207","45958899355173765000","2358","5","طقم  ب ب صبياني","سنة","1","4","45958899355173765000","شوكو","22.00000"
"208","88963391784076700000","2358","5","طقم  ب ب صبياني","سنة","1","4","88963391784076700000","بيج فاتح","23.15789"
"209","59299303710172620000","653","5","طقم ب ب صبياني","سنة","2","5","59299303710172620000","بني محروق","23.59800"
"210","48345374037560310000","653","5","طقم ب ب صبياني","سنة","2","5","48345374037560310000","بيج","23.59800"
"211","72671680665105840000","653","5","طقم صبياني","سنة","1","4","72671680665105840000","بني محروق","22.00000"
"212","68510278409616070000","19",\N,"طقم تطريز بولو نصية","سنة","6","10","68510278409616070000","بني محروق","24.00000"
"213","93784878419143000000","5051","1","بنطال اسبنيولي","سنة","5","8","93784878419143000000","أزرق فاتح","5.80000"
"214","65410428425639305000","5051","1","بنطال اسبنيولي","سنة","5","8","65410428425639305000","أزرق داكن","5.80000"
"215","99279496324273000000","5051","1","بنطال اسبنيولي","سنة","5","8","99279496324273000000","أسود","5.80000"
"216","23349872168987427000","5051","1","بنطال اسبنيولي","سنة","9","12","23349872168987427000","أسود","6.40000"
"217","11172371151901387000","5051","1","بنطال اسبنيولي","سنة","9","12","11172371151901387000","أزرق فاتح","6.40000"
"218","45235176341434310000","5051","1","بنطال اسبنيولي","سنة","9","12","45235176341434310000","أزرق داكن","6.40000"
"219","53014694244798190000","5051","1","بنطال اسبنيولي","سنة","13","16","53014694244798190000","أزرق داكن","7.10000"
"220","19945158556869600000","5051","1","بنطال اسبنيولي","سنة","13","16","19945158556869600000","أزرق فاتح","7.10000"
"221","90567805021720770000","5051","1","بنطال اسبنيولي","سنة","13","16","90567805021720770000","أسود","7.10000"
"222","65172521082807400000","1049","1","ولادي كلاسيك ZARA","سنة","1","4","65172521082807400000","أسود","4.00000"
"223","18015131566469260000","1049","1","ولادي كلاسيك ZARA","سنة","1","4","18015131566469260000","أزرق فاتح","4.00000"
"224","22641482675322503000","1049","1","ولادي كلاسيك ZARA","سنة","1","4","22641482675322503000","أزرق داكن","4.00000"
"225","46463128073126120000","1049","1","ولادي كلاسيك ZARA","سنة","5","8","46463128073126120000","أزرق داكن","4.50000"
"226","59679974927738724000","1049","1","ولادي كلاسيك ZARA","سنة","5","8","59679974927738724000","أسود","4.50000"
"227","93439502188880170000","1049","1","ولادي كلاسيك ZARA","سنة","5","8","93439502188880170000","أزرق فاتح","4.50000"
"228","99698537115276940000","1049","1","ولادي كلاسيك ZARA","سنة","9","12","99698537115276940000","أزرق فاتح","5.10000"
"229","79123319067044250000","1049","1","ولادي كلاسيك ZARA","سنة","9","12","79123319067044250000","أسود","5.10000"
"230","91979534029136720000","1049","1","ولادي كلاسيك ZARA","سنة","9","12","91979534029136720000","أزرق داكن","5.10000"
"231","77724100074300690000","1049","1","ولادي كلاسيك ZARA","سنة","13","16","77724100074300690000","أزرق داكن","5.60000"
"232","50907495075943880000","1049","1","ولادي كلاسيك ZARA","سنة","13","16","50907495075943880000","أسود","5.60000"
"233","35411188714033037000","1049","1","ولادي كلاسيك ZARA","سنة","13","16","35411188714033037000","أزرق فاتح","5.60000"
"234","59003973324729440000","5051","1","بنطال اسبنيولي","سنة","5","8","59003973324729440000","أزرق وسط","5.72000"
"235","46021370583996520000","339","4","بيجاما توفليس كبشون","سنة","12","16","46021370583996520000","أزرق","12.25000"
"236","39827323721941080000","339","4","بيجاما توفليس كبشون","سنة","12","16","39827323721941080000","فضي","12.25000"
"237","53628696908538630000","339","4","بيجاما توفليس كبشون","سنة","12","16","53628696908538630000","أخضر متوسط","12.25000"
"238","15002503249451606000","339","4","بيجاما توفليس كبشون","سنة","12","16","15002503249451606000","أسود","12.25000"
"239","76915103597934120000","339","4","بيجاما توفليس كبشون","سنة","12","16","76915103597934120000","بني","12.25000"
"240","42760681336938270000","339","4","بيجاما توفليس كبشون","سنة","6","10","42760681336938270000","بني","11.25000"
"241","94045645574244680000","339","4","بيجاما توفليس كبشون","سنة","6","10","94045645574244680000","فضي","11.25000"
"242","53207685767634270000","339","4","بيجاما توفليس كبشون","سنة","6","10","53207685767634270000","أزرق","11.25000"
"243","68058312651590000000","339","4","بيجاما توفليس كبشون","سنة","6","10","68058312651590000000","أخضر متوسط","11.25000"
"244","54358710140269404000","339","4","بيجاما توفليس كبشون","سنة","6","10","54358710140269404000","أسود","11.25000"
"245","55277323344230924000","3004","4","بيجاما توفليس","سنة","6","10","55277323344230924000","زهري","12.50000"
"246","75983589280597870000","3004","4","بيجاما توفليس","سنة","6","10","75983589280597870000","أخضر","12.50000"
"247","22417689990544330000","3004","4","بيجاما توفليس","سنة","6","10","22417689990544330000","أزرق","12.50000"
"248","13096803643540324000","336","4","بلوزة توفليس كبشون","سنة","12","16","13096803643540324000","زيتي","6.75000"
"249","44653072834825900000","336","4","بلوزة توفليس كبشون","سنة","12","16","44653072834825900000","سمني","6.75000"
"250","28238810669640094000","336","4","بلوزة توفليس كبشون","سنة","12","16","28238810669640094000","أصفر","6.75000"
"251","85845933386172840000","336","4","بلوزة توفليس كبشون","سنة","6","10","85845933386172840000","زيتي","6.25000"
"252","80994211620669420000","336","4","بلوزة توفليس كبشون","سنة","6","10","80994211620669420000","أصفر","6.25000"
"253","11746557667193790000","336","4","بلوزة توفليس كبشون","سنة","6","10","11746557667193790000","سمني","6.25000"
"254","76679249536367530000","165","4","بيجاما فول ليكرا ب ب","سنة","2","5","76679249536367530000","أحمر","7.00000"
"255","13524698210426620000","165","4","بيجاما فول ليكرا ب ب","سنة","2","5","13524698210426620000","أصفر","7.00000"
"256","18534432861462030000","165","4","بيجاما فول ليكرا ب ب","سنة","2","5","18534432861462030000","زيتي","7.00000"
"257","69161670188558836000","166","4","بلوزة فلبيكرا ب ب","سنة","2","5","69161670188558836000","زيتي","3.75000"
"258","36109748095656526000","166","4","بلوزة فلبيكرا ب ب","سنة","2","5","36109748095656526000","أبيض","3.75000"
"259","51365937401749350000","166","4","بلوزة فلبيكرا ب ب","سنة","2","5","51365937401749350000","اورنج","3.75000"
"260","46244283148107320000","167","4","بلوزة فلبيكرا ب ب","سنة","2","5","46244283148107320000","أبيض","3.75000"
"261","82714866534519540000","167","4","بلوزة فلبيكرا ب ب","سنة","2","5","82714866534519540000","فضي","3.75000"
"262","78194802115104640000","167","4","بلوزة فلبيكرا ب ب","سنة","2","5","78194802115104640000","خمري","3.75000"
"263","21733401070498980000","339","4","بيجاما توفليس كبشون","سنة","12","16","21733401070498980000","قرميدي","12.25000"
"264","79649549115766670000","340","4","بيجاما نص كم","سنة","6","10","79649549115766670000","أبيض","7.45000"
"265","75518710144045380000","340","4","بيجاما نص كم","سنة","6","10","75518710144045380000","فضي","7.45000"
"266","42681618826640740000","340","4","بيجاما نص كم","سنة","6","10","42681618826640740000","أزرق","7.45000"
"267","90908027438935310000","340","4","بيجاما نص كم","سنة","12","16","90908027438935310000","أزرق","8.45000"
"268","13338046473677492000","340","4","بيجاما نص كم","سنة","12","16","13338046473677492000","أبيض","8.45000"
"269","12125094182973174000","340","4","بيجاما نص كم","سنة","12","16","12125094182973174000","فضي","8.45000"
"270","57388292113775526000","5043","1","بوت كات","سنة","2","5","57388292113775526000","ديرتي","4.50000"
"271","32318666049563128000","5043","1","بوت كات","سنة","2","5","32318666049563128000","أزرق وسط","4.50000"
"272","45899627745569360000","5043","1","بوت كات","سنة","2","5","45899627745569360000","أزرق فاتح","4.50000"
"273","10486610100796789000","5043","1","بوت كات","سنة","6","10","10486610100796789000","أزرق فاتح","5.10000"
"274","16279711397829374000","5043","1","بوت كات","سنة","6","10","16279711397829374000","أزرق وسط","5.10000"
"275","48084197797110374000","5043","1","بوت كات","سنة","6","10","48084197797110374000","ديرتي","5.10000"
"276","29145579617756324000","5043","1","بوت كات","سنة","6","10","29145579617756324000","أسود","5.10000"
"277","64000161044445070000","5043","1","بوت كات","سنة","11","15","64000161044445070000","أسود","5.80000"
"278","22381315527405420000","5043","1","بوت كات","سنة","11","15","22381315527405420000","أزرق وسط","5.80000"
"279","29935842336873206000","5043","1","بوت كات","سنة","11","15","29935842336873206000","أزرق فاتح","5.80000"
"280","57309307473499185000","5043","1","بوت كات","سنة","11","15","57309307473499185000","ديرتي","5.80000"
"281","58504121792000870000","1045","1","ولادي بوي فريند","سنة","2","5","58504121792000870000","أزرق داكن","5.10000"
"282","50529549826792290000","1045","1","ولادي بوي فريند","سنة","2","5","50529549826792290000","أزرق فاتح","5.10000"
"283","42413331484100670000","1045","1","ولادي بوي فريند","سنة","2","5","42413331484100670000","ديرتي","5.10000"
"284","43156463123322900000","1045","1","ولادي بوي فريند","سنة","6","10","43156463123322900000","ديرتي","5.80000"
"285","83520847823892580000","1045","1","ولادي بوي فريند","سنة","6","10","83520847823892580000","أزرق فاتح","5.80000"
"286","84247816965657620000","1045","1","ولادي بوي فريند","سنة","6","10","84247816965657620000","أزرق داكن","5.80000"
"287","57380623490027770000","1058","1","مطاط كلاسيكي","سنة","1","4","57380623490027770000","أزرق فاتح","4.50000"
"288","27749586302336963000","1058","1","مطاط كلاسيكي","سنة","1","4","27749586302336963000","أزرق وسط","4.50000"
"289","18419962873368926000","1058","1","مطاط كلاسيكي","سنة","1","4","18419962873368926000","أزرق داكن","4.50000"
"290","98439599169434370000","1058","1","مطاط كلاسيكي","سنة","1","4","98439599169434370000","أسود","4.50000"
"291","25192264862515757000","1058","1","مطاط كلاسيكي","سنة","5","8","25192264862515757000","أسود","5.00000"
"292","76943613700024010000","1058","1","مطاط كلاسيكي","سنة","5","8","76943613700024010000","أزرق داكن","5.00000"
"293","94870952442929450000","1058","1","مطاط كلاسيكي","سنة","5","8","94870952442929450000","أزرق فاتح","5.00000"
"294","13931177303682460000","1058","1","مطاط كلاسيكي","سنة","5","8","13931177303682460000","أزرق وسط","5.00000"
"295","34740693163753410000","1058","1","مطاط كلاسيكي","سنة","9","12","34740693163753410000","أزرق داكن","5.50000"
"296","84209110727181760000","1058","1","مطاط كلاسيكي","سنة","9","12","84209110727181760000","أزرق فاتح","5.50000"
"297","77587474056539140000","1058","1","مطاط كلاسيكي","سنة","9","12","77587474056539140000","أسود","5.50000"
"298","11755291675562900000","1058","1","مطاط كلاسيكي","سنة","9","12","11755291675562900000","أزرق وسط","5.50000"
"299","22309750186651734000","1058","1","مطاط كلاسيك","سنة","13","16","22309750186651734000","أزرق داكن","6.50000"
"300","93520152799645550000","1058","1","مطاط كلاسيك","سنة","13","16","93520152799645550000","أزرق فاتح","6.50000"
"301","84960168527192000000","1058","1","مطاط كلاسيك","سنة","13","16","84960168527192000000","أزرق وسط","6.50000"
"302","94633511699903480000","1058","1","مطاط كلاسيك","سنة","13","16","94633511699903480000","أسود","6.50000"
"303","17568662447677553000","5052",\N,"بنطال بناتي جيوب","سنة","5","8","17568662447677553000","ازرق ثلجي","5.50000"
"304","90335352405429170000","5052",\N,"بنطال بناتي جيوب","سنة","5","8","90335352405429170000","أزرق فاتح","5.50000"
"305","86532612707255860000","5052",\N,"بنطال بناتي جيوب","سنة","9","12","86532612707255860000","أزرق فاتح","6.15000"
"306","28755762309501570000","5052",\N,"بنطال بناتي جيوب","سنة","9","12","28755762309501570000","ازرق ثلجي","6.15000"
"307","83533888292400580000","342","4","نص كم وسط","سنة","6","10","83533888292400580000","أبيض","9.25000"
"308","19153617136774885000","342","4","نص كم وسط","سنة","6","10","19153617136774885000","أسود","9.25000"
"309","38599355855948450000","342","4","نص كم وسط","سنة","6","10","38599355855948450000","أورنج","9.25000"
"310","78056821657396770000","342","4","نص كم وسط","سنة","6","10","78056821657396770000","أزرق","9.25000"
"311","44376387823580090000","170","4","بيجاما نص كم ب ب","سنة","2","5","44376387823580090000","أصفر","7.75000"
"312","46514117586975270000","170","4","بيجاما نص كم ب ب","سنة","2","5","46514117586975270000","أورنج","7.75000"
"313","58518666472687860000","170","4","بيجاما نص كم ب ب","سنة","2","5","58518666472687860000","حبري","7.75000"
"314","88704175990423190000","1050","1","ولادي كلاسيك","سنة","1","4","88704175990423190000","أسود","4.25000"
"315","49181082690572480000","1050","1","ولادي كلاسيك","سنة","1","4","49181082690572480000","أزرق فاتح","4.25000"
"316","18497705213671650000","1050","1","ولادي كلاسيك","سنة","1","4","18497705213671650000","أزرق داكن","4.25000"
"317","73021945025507205000","1050","1","ولادي كلاسيك","سنة","1","4","73021945025507205000","أزرق وسط","4.25000"
"318","52758881369648950000","1050","1","ولادي كلاسيك","سنة","5","8","52758881369648950000","أزرق وسط","4.80000"
"319","87859504894855740000","1050","1","ولادي كلاسيك","سنة","5","8","87859504894855740000","أزرق فاتح","4.80000"
"320","50069896535166950000","1050","1","ولادي كلاسيك","سنة","5","8","50069896535166950000","أزرق داكن","4.80000"
"321","48716764887123120000","1050","1","ولادي كلاسيك","سنة","5","8","48716764887123120000","أسود","4.80000"
"322","34081341593504800000","1050","1","ولادي كلاسيك","سنة","9","12","34081341593504800000","أسود","5.40000"
"323","25610966863175037000","1050","1","ولادي كلاسيك","سنة","9","12","25610966863175037000","أزرق وسط","5.40000"
"324","88370069494060370000","1050","1","ولادي كلاسيك","سنة","9","12","88370069494060370000","أزرق فاتح","5.40000"
"325","47329494197572125000","1050","1","ولادي كلاسيك","سنة","9","12","47329494197572125000","أزرق داكن","5.40000"
"326","86965426418277090000","1050","1","ولادي كلاسيك","سنة","13","16","86965426418277090000","أزرق داكن","6.00000"
"327","41942793692792190000","1050","1","ولادي كلاسيك","سنة","13","16","41942793692792190000","أزرق فاتح","6.00000"
"328","41744950582339486000","1050","1","ولادي كلاسيك","سنة","13","16","41744950582339486000","أزرق وسط","6.00000"
"329","32219776195487523000","1050","1","ولادي كلاسيك","سنة","13","16","32219776195487523000","أسود","6.00000"
"330","22740369430232695000","1009","1","بنطال خصر مطاط","سنة","2","5","22740369430232695000","أسود","4.90000"
"331","66481383790628045000","1009","1","بنطال خصر مطاط","سنة","2","5","66481383790628045000","ديرتي","4.89998"
"332","60324744647613430000","1009","1","بنطال خصر مطاط","سنة","6","10","60324744647613430000","ديرتي","5.60000"
"333","98296948637822470000","1009","1","بنطال خصر مطاط","سنة","6","10","98296948637822470000","أسود","5.60000"
"334","58862229728341295000","1009","1","بنطال خصر مطاط","شهر","6","24","58862229728341295000","أسود","4.50000"
"335","63079830729723355000","1009","1","بنطال خصر مطاط","شهر","6","24","63079830729723355000","ديرتي","4.50000"
"336","98325964844923850000","1009","1","بنطال خصر مطاط","شهر","6","24","98325964844923850000","ازرق ثلجي","4.48000"
"337","58939285488334580000","1009","1","بنطال خصر مطاط","شهر","6","24","58939285488334580000","أزرق فاتح","4.48000"
"338","49054101880604290000","1009","1","بنطال خصر مطاط","سنة","2","5","49054101880604290000","أزرق فاتح","4.84000"
"339","84934084883863320000","1009","1","بنطال خصر مطاط","سنة","2","5","84934084883863320000","ازرق ثلجي","4.84000"
"340","83545123998668390000","1009","1","بنطال خصر مطاط","سنة","6","10","83545123998668390000","ازرق ثلجي","5.57000"
"341","83458118587936470000","1009","1","بنطال خصر مطاط","سنة","6","10","83458118587936470000","أزرق فاتح","5.57000"
"342","81779107227162250000","1059","1","ولادي كلاسيك","سنة","1","4","81779107227162250000","أزرق فاتح","4.20000"
"343","82514338067367170000","1059","1","ولادي كلاسيك","سنة","1","4","82514338067367170000","أسود","4.20000"
"344","15101079400451768000","1059","1","ولادي كلاسيك","سنة","1","4","15101079400451768000","ازرق ثلجي","4.20000"
"345","76482193046145070000","1059","1","ولادي كلاسيك","سنة","5","8","76482193046145070000","ازرق ثلجي","4.80000"
"346","42584159994230555000","1059","1","ولادي كلاسيك","سنة","5","8","42584159994230555000","أسود","4.80000"
"347","84434058316454120000","1059","1","ولادي كلاسيك","سنة","5","8","84434058316454120000","أزرق فاتح","4.80000"
"348","94271556949046890000","1059","1","ولادي كلاسيك","سنة","9","12","94271556949046890000","أزرق فاتح","5.40000"
"349","47863148063794720000","1059","1","ولادي كلاسيك","سنة","9","12","47863148063794720000","ازرق ثلجي","5.40000"
"350","13819943337393970000","1059","1","ولادي كلاسيك","سنة","9","12","13819943337393970000","أسود","5.40000"
"351","25014260808527323000","1059","1","ولادي كلاسيك","سنة","13","16","25014260808527323000","أسود","6.00000"
"352","17288322159039859000","1059","1","ولادي كلاسيك","سنة","13","16","17288322159039859000","أزرق فاتح","6.00000"
"353","67566065741884810000","1059","1","ولادي كلاسيك","سنة","13","16","67566065741884810000","ازرق ثلجي","6.00000"
"354","57966451326131360000","2329","11","طقم ب ب","سنة","2","5","57966451326131360000","كرزي","12.00000"
"355","19931268422004326000","2329","11","طقم ب ب","سنة","2","5","19931268422004326000","زهري","12.00000"
"356","32747783688605390000","2329","11","طقم ب ب","سنة","2","5","32747783688605390000","فستقي","12.00000"
"357","88408058733386730000","2329","11","طقم ب ب","سنة","2","5","88408058733386730000","مشمشي","12.00000"
"358","88347708704370840000","2529","11","طقم وسط","سنة","6","12","88347708704370840000","مشمشي","18.00000"
"359","67746814452318720000","2529","11","طقم وسط","سنة","6","12","67746814452318720000","بيج","18.00000"
"360","68674656495444150000","2529","11","طقم وسط","سنة","6","12","68674656495444150000","زهري","18.00000"
"361","53323426408264204000","2398","11","طقم بناتي كرافة وسط","سنة","6","12","53323426408264204000","بيج","19.00000"
"362","74383747242766530000","2398","11","طقم بناتي كرافة وسط","سنة","6","12","74383747242766530000","أسود","19.00000"
"363","48160268399682070000","2398","11","طقم بناتي كرافة وسط","سنة","6","12","48160268399682070000","زيتي","19.00000"
"364","84226219851375700000","2398","11","طقم بناتي كرافة وسط","سنة","6","12","84226219851375700000","كرزي","19.00000"
"365","44899523851394515000","803","12","طقم صبياني  طبعات","سنة","2","5","44899523851394515000","مشمشي","14.99000"
"366","59506829569626505000","803","12","طقم صبياني  طبعات","سنة","2","5","59506829569626505000","أبيض","14.99000"
"367","29540932952698160000","803","12","طقم صبياني  طبعات","سنة","2","5","29540932952698160000","بيج","14.99000"
"369","18738524490328790000","239","13","شورت توينز ب ب","سنة","2","5","18738524490328790000","بيج","15.00000"
"370","26796992264006525000","239","13","شورت توينز ب ب","سنة","2","5","26796992264006525000","بني","15.00000"
"371","72390200282325840000","239","13","شورت توينز ب ب","سنة","2","5","72390200282325840000","كحلي","15.00000"
"372","46582192013163086000","339","13","تونز بنتكور وسط","سنة","6","12","46582192013163086000","بيج","16.00000"
"373","52904456910234460000","339","13","تونز بنتكور وسط","سنة","6","12","52904456910234460000","بني","16.00000"
"374","24264974158038925000","339","13","تونز بنتكور وسط","سنة","6","12","24264974158038925000","كحلي","16.00000"
"375","95602870151210290000","439","13","تونز بنتكور محير","سنة","14","18","95602870151210290000","كحلي","17.00000"
"376","58112003382240076000","439","13","تونز بنتكور محير","سنة","14","18","58112003382240076000","بيج","17.00000"
"377","50978286460647830000","439","13","تونز بنتكور محير","سنة","14","18","50978286460647830000","بني","17.00000"
"378","78460073618811290000","240","13","شورت ب ب","سنة","2","5","78460073618811290000","بيج فاتح","12.50000"
"379","34669843726105362000","240","13","شورت ب ب","سنة","2","5","34669843726105362000","فستقي","12.50000"
"380","19894812761623855000","240","13","شورت ب ب","سنة","2","5","19894812761623855000","أبيض","12.50000"
"381","64050837884245330000","240","13","شورت ب ب","سنة","2","5","64050837884245330000","فضي","12.50000"
"382","58602208670630170000","340","13","طقم بنتكور وسط","سنة","6","12","58602208670630170000","فضي","13.50000"
"383","25065385835856577000","340","13","طقم بنتكور وسط","سنة","6","12","25065385835856577000","أبيض","13.50000"
"384","11950320884659350000","340","13","طقم بنتكور وسط","سنة","6","12","11950320884659350000","فستقي","13.50000"
"385","20349771749707710000","340","13","طقم بنتكور وسط","سنة","6","12","20349771749707710000","بيج فاتح","13.50000"
"386","78913323482996410000","440","13","طقم بنتكور محير","سنة","14","18","78913323482996410000","بيج فاتح","14.50000"
"387","94680463617483640000","440","13","طقم بنتكور محير","سنة","14","18","94680463617483640000","زيتي","14.50000"
"388","99670090146737160000","440","13","طقم بنتكور محير","سنة","14","18","99670090146737160000","بني","14.50000"
"389","67996079557874830000","440","13","طقم بنتكور محير","سنة","14","18","67996079557874830000","فضي","14.50000"
"390","58452850849093650000","410","14","بنطلون طويل كتان","سنة","6","12","58452850849093650000","أبيض","13.00000"
"391","25062852160219832000","410","14","بنطلون طويل كتان","سنة","6","12","25062852160219832000","زهري","13.00000"
"392","30192234279369280000","410","14","بنطلون طويل كتان","سنة","6","12","30192234279369280000","سمني","13.00000"
"395","52012134882378610000","312","14","شورت كتان ب ب","سنة","2","5","52012134882378610000","أبيض","12.00000"
"396","14727810702222316000","312","14","شورت كتان ب ب","سنة","2","5","14727810702222316000","زهري","12.00000"
"397","26871015995227267000","312","14","شورت كتان ب ب","سنة","2","5","26871015995227267000","سمني","12.00000"
"398","69362723408518850000","311","14","شورت كتان ب ب","سنة","2","5","69362723408518850000","سمني","11.50000"
"399","38792860867663000000","311","14","شورت كتان ب ب","سنة","2","5","38792860867663000000","زهري","11.50000"
"401","16368359662470767000","311","14","شورت كتان ب ب","سنة","2","5","16368359662470767000","أبيض","11.50000"
"402","59269176623689015000","308","14","شورت كتان ب ب","سنة","2","5","59269176623689015000","أبيض","12.00000"
"403","30056681889954120000","308","14","شورت كتان ب ب","سنة","2","5","30056681889954120000","زهري","12.00000"
"404","36500577632435410000","308","14","شورت كتان ب ب","سنة","2","5","36500577632435410000","سمني","12.00000"
"405","56816290227513230000","310","14","شورت كتان ب ب","سنة","2","5","56816290227513230000","سمني","11.50000"
"406","54506777000331020000","310","14","شورت كتان ب ب","سنة","2","5","54506777000331020000","زهري","11.50000"
"407","54727782508432580000","310","14","شورت كتان ب ب","سنة","2","5","54727782508432580000","أبيض","11.50000"
"408","81728161474251590000","413","14","بنطلون طويل كتان","سنة","6","12","81728161474251590000","فستقي","12.99000"
"409","78238078647447980000","413","14","بنطلون طويل كتان","سنة","6","12","78238078647447980000","زهري","12.99000"
"410","12673641427691016000","413","14","بنطلون طويل كتان","سنة","6","12","12673641427691016000","مشمشي","12.99000"
"411","76343346530373880000","313",\N,"بلوزة ب ب فل ليكرا","سنة","2","4","76343346530373880000","فستقي","5.00000"
"412","41985099779867000000","313",\N,"بلوزة ب ب فل ليكرا","سنة","2","4","41985099779867000000","زهري","5.00000"
"413","55547201014674630000","313","14","بلوزة ب ب فل ليكرا","سنة","2","4","55547201014674630000","سمني","5.00000"
"414","21494349026187010000","313","14","بلوزة ب ب فل ليكرا","سنة","2","4","21494349026187010000","موف","5.00000"
"415","93624190011340320000","314",\N,"بلوزة ب ب فل ليكرا","سنة","2","4","93624190011340320000","موف","5.00000"
"416","37588488236653840000","314",\N,"بلوزة ب ب فل ليكرا","سنة","2","4","37588488236653840000","زهري","5.00000"
"417","76471301951380230000","314",\N,"بلوزة ب ب فل ليكرا","سنة","2","4","76471301951380230000","سمني","5.00000"
"418","91983076389669910000","314",\N,"بلوزة ب ب فل ليكرا","سنة","2","4","91983076389669910000","فستقي","5.00000"
"419","85166817790260870000","419",\N,"بلوزة وسط فل ليكرا","سنة","6","12","85166817790260870000","فستقي","6.00000"
"420","97234995571368310000","419",\N,"بلوزة وسط فل ليكرا","سنة","6","12","97234995571368310000","سمني","6.00000"
"421","19585495801199223000","419",\N,"بلوزة وسط فل ليكرا","سنة","6","12","19585495801199223000","زهري","6.00000"
"422","78112113576887420000","419",\N,"بلوزة وسط فل ليكرا","سنة","6","12","78112113576887420000","أصفر","6.00000"
"423","10248266996687436000","418",\N,"بلوزة وسط فل ليكرا","سنة","6","12","10248266996687436000","أصفر","6.00000"
"424","60642044803575100000","418",\N,"بلوزة وسط فل ليكرا","سنة","6","12","60642044803575100000","سمني","6.00000"
"425","64069460185920240000","418",\N,"بلوزة وسط فل ليكرا","سنة","6","12","64069460185920240000","زهري","6.00000"
"426","39220594345430950000","418",\N,"بلوزة وسط فل ليكرا","سنة","6","12","39220594345430950000","فستقي","6.00000"
"427","36585396851201135000","416",\N,"بلوزة وسط فل ليكرا","سنة","6","10","36585396851201135000","فستقي","6.00000"
"428","21022303521438056000","416",\N,"بلوزة وسط فل ليكرا","سنة","6","10","21022303521438056000","زهري","6.00000"
"429","20896559377916895000","416",\N,"بلوزة وسط فل ليكرا","سنة","6","10","20896559377916895000","سمني","6.00000"
"430","47477278911254630000","416",\N,"بلوزة وسط فل ليكرا","سنة","6","10","47477278911254630000","أصفر","6.00000"
"431","88112777701790970000","303",\N,"طقم بناتي شورت قصير","سنة","1","4","88112777701790970000","كرزي","9.00000"
"432","30957407235146400000","1456","15","طقم بناتي","سنة","2","4","30957407235146400000","زهري","9.25000"
"433","15051757283300336000","1456","15","طقم بناتي","سنة","2","4","15051757283300336000","سمني","9.25000"
"434","31281304626848313000","1456","15","طقم بناتي","سنة","2","4","31281304626848313000","فومي","9.25000"
"435","93186285300631360000","814","15","طقم بناتي","سنة","8","14","93186285300631360000","أزرق فاتح","18.50000"
"436","57239697928860060000","814","15","طقم بناتي","سنة","8","14","57239697928860060000","بيج","18.50000"
"437","76888208093228240000","481","15","تونز ب ب","سنة","2","5","76888208093228240000","بيج","11.00000"
"438","27005082129853170000","481","15","تونز ب ب","سنة","2","5","27005082129853170000","بترولي","11.00000"
"439","81965292145179260000","481","15","تونز ب ب","سنة","2","5","81965292145179260000","بني فاتح","11.00000"
"440","28617871563747156000","581","15","تونز  وسط","سنة","6","10","28617871563747156000","بني فاتح","12.00000"
"441","39907655667212680000","581","15","تونز  وسط","سنة","6","10","39907655667212680000","بترولي","12.00000"
"442","23992707923335070000","581","15","تونز  وسط","سنة","6","10","23992707923335070000","بيج فاتح","12.00000"
"443","46433191869997360000","681","15","تونز محير","سنة","14","18","46433191869997360000","بيج فاتح","13.00000"
"444","36243302444430860000","681","15","تونز محير","سنة","14","18","36243302444430860000","بترولي","13.00000"
"445","33709409408640725000","681","15","تونز محير","سنة","14","18","33709409408640725000","بني فاتح","13.00000"
"446","22594514222377200000","861","15","طقم ب ب مع حذاء","سنة","2","4","22594514222377200000","زهري","16.00000"
"447","10305960901827856000","861","15","طقم ب ب مع حذاء","سنة","2","4","10305960901827856000","فستقي","16.00000"
"448","47665010685124170000","861","15","طقم ب ب مع حذاء","سنة","2","4","47665010685124170000","بترولي","16.00000"
"449","76753732825130090000","702","15","تونز وسط","سنة","5","12","76753732825130090000","بني فاتح","13.50000"
"450","13324059842176549000","705","15","تونز وسط","سنة","6","10","13324059842176549000","سمني","13.50000"
"451","24033394207046550000","699","15","تونز وسط","سنة","5","12","24033394207046550000","مشمشي","13.50000"
"452","64207299531576810000","812","15","طقم بناتي وسط","سنة","6","10","64207299531576810000","أصفر","20.00000"
"453","29398693352595580000","812","15","طقم بناتي وسط","سنة","6","10","29398693352595580000","موف","20.00000"
"454","16435950874232435000","812","15","طقم بناتي وسط","سنة","6","10","16435950874232435000","بترولي","20.00000"
"455","98173020240097430000","104","15","قميص ب ب","سنة","2","4","98173020240097430000","أبيض","6.00000"
"456","89655903022815540000","105","15","قميص ب ب","سنة","6","10","89655903022815540000","أبيض","6.50000"
"457","36204102644144400000","103","15","قميص ب ب","سنة","12","16","36204102644144400000","أبيض","7.00000"
"458","25671213580925280000","2528","11","طقم وسط بناتي","سنة","6","12","25671213580925280000","أسود","22.00000"
"459","43128616078587950000","2528","11","طقم وسط بناتي","سنة","6","12","43128616078587950000","كحلي","22.00000"
"460","63244508598723300000","2528","11","طقم وسط بناتي","سنة","6","12","63244508598723300000","بيج فاتح","22.00000"
"461","50212724001969280000","175","4","بيجاما نص كم ب ب","سنة","2","5","50212724001969280000","زيتي","8.50000"
"462","37567044728063160000","175","4","بيجاما نص كم ب ب","سنة","2","5","37567044728063160000","أسود","8.50000"
"463","79384771315787920000","175","4","بيجاما نص كم ب ب","سنة","2","5","79384771315787920000","بيج","8.50000"
"464","14324879201492150000","350","4","بيجاما بنتكور وسط","سنة","6","10","14324879201492150000","بيج","9.00000"
"465","41324574201018384000","350","4","بيجاما بنتكور وسط","سنة","6","10","41324574201018384000","أبيض","9.00000"
"466","39205264784163680000","350","4","بيجاما بنتكور وسط","سنة","6","10","39205264784163680000","أسود","9.00000"
"467","14970697059976856000","350","4","بيجاما بنتكور وسط","سنة","6","10","14970697059976856000","أزرق","9.00000"
"468","60591561325970600000","1026","1","ولادي كلاسيك","سنة","5","8","60591561325970600000","أسود","4.50000"
"469","91192137131411460000","1026","1","ولادي كلاسيك","سنة","5","8","91192137131411460000","أزرق داكن","4.50000"
"470","64863935502893830000","1026","1","ولادي كلاسيك","سنة","5","8","64863935502893830000","أزرق فاتح","4.50000"
"471","19671545199068488000","1026","1","ولادي كلاسيك","سنة","5","8","19671545199068488000","أزرق وسط","4.50000"
"472","30527060803659420000","1026","1","ولادي كلاسيك","سنة","9","12","30527060803659420000","أزرق وسط","4.87000"
"473","13976707984829040000","1026","1","ولادي كلاسيك","سنة","9","12","13976707984829040000","أسود","4.87000"
"474","82178995373289140000","1026","1","ولادي كلاسيك","سنة","9","12","82178995373289140000","أزرق داكن","4.87000"
"475","83866964063184060000","1026","1","ولادي كلاسيك","سنة","9","12","83866964063184060000","أزرق فاتح","4.87000"
"476","89937080067289530000","1026","1","ولادي كلاسيك","سنة","13","16","89937080067289530000","أزرق فاتح","5.49000"
"477","22387891552870425000","1026","1","ولادي كلاسيك","سنة","13","16","22387891552870425000","أزرق داكن","5.49000"
"478","55331475309148520000","1026","1","ولادي كلاسيك","سنة","13","16","55331475309148520000","أزرق وسط","5.49000"
"479","59125224644469250000","1026","1","ولادي كلاسيك","سنة","13","16","59125224644469250000","أسود","5.49000"
"480","69278257579070400000","1100","15","طقم ولادي","سنة","2","5","69278257579070400000","أصفر","13.00000"
"481","14399488708182444000","1100","15","طقم ولادي","سنة","2","5","14399488708182444000","كحلي","13.00000"
"482","32042834495333593000","1100","15","طقم ولادي","سنة","2","5","32042834495333593000","فضي","13.00000"
"483","90426577192600010000","1100","15","طقم ولادي","سنة","2","5","90426577192600010000","أحمر","13.00000"
"484","30241788698148230000","1101","15","طقم ولادي","سنة","2","5","30241788698148230000","أصفر","13.00000"
"485","65160484355140346000","1101","15","طقم ولادي","سنة","2","5","65160484355140346000","فضي","13.00000"
"486","60849812636028250000","1101","15","طقم ولادي","سنة","2","5","60849812636028250000","كحلي","13.00000"
"487","39551182894975290000","1101","15","طقم ولادي","سنة","2","5","39551182894975290000","كرزي","13.00000"
"490","52159866718189840000","3811","15","طقم بناتي 3 قطع وسط","سنة","6","10","52159866718189840000","أبيض","23.00000"
"491","52524502514739470000","3811","15","طقم بناتي 3 قطع وسط","سنة","6","10","52524502514739470000","زهري","23.00000"
"492","16875530053024969000","3811","15","طقم بناتي 3 قطع وسط","سنة","6","10","16875530053024969000","فضي","23.00000"
"493","74475457227125030000","3811","15","طقم بناتي 3 قطع وسط","سنة","6","10","74475457227125030000","بيج","23.00000"
"494","68292763370148320000","863","15","طقم ولادي 3قطع","سنة","2","5","68292763370148320000","أزرق","16.50000"
"495","40646385406710710000","863","15","طقم ولادي 3قطع","سنة","2","5","40646385406710710000","بني","16.50000"
"496","76851858411357010000","863","15","طقم ولادي 3قطع","سنة","2","5","76851858411357010000","زيتي","16.50000"
"497","88000072644290000000","8226","15","بيجاما وسط","سنة","6","12","88000072644290000000","أزرق","11.00000"
"498","11182300291874736000","8226","15","بيجاما وسط","سنة","6","12","11182300291874736000","بني","11.00000"
"499","32892427447275553000","8226","15","بيجاما وسط","سنة","6","12","32892427447275553000","اورنج","11.00000"
"500","93334134704747220000","8226","15","بيجاما وسط","سنة","6","12","93334134704747220000","فضي","11.00000"
"501","10890121292108681000","8128","15","بيجاما ب ب","سنة","2","5","10890121292108681000","فضي","8.00000"
"502","50072799576566560000","8128","15","بيجاما ب ب","سنة","2","5","50072799576566560000","أزرق","8.00000"
"503","17452307120002540000","8128","15","بيجاما ب ب","سنة","2","5","17452307120002540000","زيتي","8.00000"
"504","47562822867931280000","8128","15","بيجاما ب ب","سنة","2","5","47562822867931280000","أورنج","8.00000"
"505","43422513275954230000","7122","15","بيجاما  بناتي ب ب","سنة","2","5","43422513275954230000","أورنج","8.25000"
"506","21929487452567265000","7122","15","بيجاما  بناتي ب ب","سنة","2","5","21929487452567265000","موف","8.25000"
"507","10158092009834367000","7122","15","بيجاما  بناتي ب ب","سنة","2","5","10158092009834367000","فضي","8.25000"
"508","11314903128123850000","7122","15","بيجاما  بناتي ب ب","سنة","2","5","11314903128123850000","زيتي","8.25000"
"509","33828817329766980000","2060","15","نص كم","سنة","6","11","33828817329766980000","أبيض","6.00000"
"510","17702614695745532000","260","15","نص كم محير","سنة","10","12","17702614695745532000","أبيض","6.00000"
"511","53427732627880510000","1510","15","نص كم محير","سنة","10","16","53427732627880510000","أبيض","6.00000"
"512","50480055774199060000","662","15","روسيل","سنة","2","5","50480055774199060000","زيتي","14.00000"
"513","46277106960608444000","662","15","روسيل","سنة","2","5","46277106960608444000","زهري","14.00000"
"514","29133369510372246000","476","15","تونز ب ب","سنة","2","5","29133369510372246000","زيتي","11.00000"
"515","68669136246443660000","476","15","تونز ب ب","سنة","2","5","68669136246443660000","بني","11.00000"
"516","53048264039342040000","476","15","تونز ب ب","سنة","2","5","53048264039342040000","فضي","11.00000"
"517","50985807450571645000","476","15","تونز ب ب","سنة","2","5","50985807450571645000","أزرق","11.00000"
"518","31856256578703380000","576","15","تونز وسط","سنة","6","12","31856256578703380000","أزرق","12.00000"
"519","72033605919117210000","576","15","تونز وسط","سنة","6","12","72033605919117210000","بني","12.00000"
"520","71973085786452770000","576","15","تونز وسط","سنة","6","12","71973085786452770000","زيتي","12.00000"
"521","66531163941817510000","576","15","تونز وسط","سنة","6","12","66531163941817510000","قرميدي","12.00000"
"522","41743552998239490000","475","15","تونز  ب ب","سنة","2","5","41743552998239490000","بني","11.00000"
"523","89989677861946650000","475","15","تونز  ب ب","سنة","2","5","89989677861946650000","بيج","11.00000"
"524","86411444315851490000","475","15","تونز  ب ب","سنة","2","5","86411444315851490000","بترولي","11.00000"
"525","98344552853228110000","475","15","تونز  ب ب","سنة","2","5","98344552853228110000","زيتي","11.00000"
"526","22601876118560180000","575","15","تونز  وسط","سنة","6","12","22601876118560180000","زيتي","12.00000"
"527","89040969062891520000","575","15","تونز  وسط","سنة","6","12","89040969062891520000","فضي","12.00000"
"529","79616888521194820000","575","15","تونز  وسط","سنة","6","12","79616888521194820000","بني","12.00000"
"530","94588534643829300000","675","15","تونز  محير","سنة","8","12","94588534643829300000","بني","13.00000"
"531","32181761788309783000","675","15","تونز  محير","سنة","8","12","32181761788309783000","أخضر","13.00000"
"532","72636263397331970000","675","15","تونز  محير","سنة","8","12","72636263397331970000","بيج","13.00000"
"533","60070308630610630000","675","15","تونز  محير","سنة","8","12","60070308630610630000","بترولي","13.00000"
"534","15792851798119094000","491","15","تونز  ب ب","سنة","2","4","15792851798119094000","أخضر","11.00000"
"535","39478918181484100000","491","15","تونز  ب ب","سنة","2","4","39478918181484100000","أزرق","11.00000"
"536","11112459617238378000","491","15","تونز  ب ب","سنة","2","4","11112459617238378000","بيج","11.00000"
"537","10673123605837238000","591","15","تونز وسط","سنة","6","12","10673123605837238000","بيج","12.00000"
"538","10502699663015815000","591","15","تونز وسط","سنة","6","12","10502699663015815000","أزرق","12.00000"
"539","72633596533988630000","591","15","تونز وسط","سنة","6","12","72633596533988630000","أخضر","12.00000"
"540","15256027523386720000","691","15","تونز محير","سنة","14","18","15256027523386720000","أخضر","13.00000"
"541","52782498236019820000","691","15","تونز محير","سنة","14","18","52782498236019820000","أزرق","13.00000"
"542","87057777566453450000","691","15","تونز محير","سنة","14","18","87057777566453450000","بيج","13.00000"
"544","43265393438147674000","681","15","تونز محير","سنة","12","16","43265393438147674000","أصفر","13.00000"
"545","52069579936071620000","681","15","تونز محير","سنة","12","16","52069579936071620000","أسود","13.00000"
"550","37127104498136940000","581","15","تونز محير","سنة","6","10","37127104498136940000","أصفر","12.00000"
"555","38674848481118810000","زارة","15","طقم مع طاقية","سنة","1","5","38674848481118810000","أبيض","12.00000"
"556","69831817562769930000","زارة","15","طقم مع طاقية","سنة","1","5","69831817562769930000","أخضر","12.00000"
"557","89089338637797230000","862","15","طقم مع حذاء","سنة","2","5","89089338637797230000","أخضر","17.45000"
"558","66483656193737190000","862","15","طقم مع حذاء","سنة","2","5","66483656193737190000","كحلي","17.45000"
"559","83849387675119500000","862","15","طقم مع حذاء","سنة","2","5","83849387675119500000","بيج","17.45000"
"560","48777106465044210000","676","15","تونز محير","سنة","12","16","48777106465044210000","بني","13.01000"
"561","16634272834361799000","676","15","تونز محير","سنة","12","16","16634272834361799000","زيتي","13.01000"
"562","11473826286716006000","676","15","تونز محير","سنة","12","16","11473826286716006000","بيج","13.01000"
"563","77170921324177400000","676","15","تونز محير","سنة","12","16","77170921324177400000","فضي","13.01000"
"564","14039548237119994000","1511","15","كنزة نص كم","سنة","12","16","14039548237119994000","فضي","6.00000"
"565","70089149197352110000","662","15","روسيل","سنة","2","4","70089149197352110000","أزرق","14.00000"
"566","76508417586170460000","662","15","روسيل","سنة","2","4","76508417586170460000","فضي","14.00000"
"567","60563293039724044000","481","15","تونز ب ب","سنة","2","4","60563293039724044000","أصفر","11.00000"
"568","91464606083757690000","1062","1","ولادي كلاسيك","سنة","1","4","91464606083757690000","أزرق داكن","4.25000"
"569","94992313785932430000","1062","1","ولادي كلاسيك","سنة","1","4","94992313785932430000","أزرق فاتح","4.25000"
"570","12434244349040940000","1062","1","ولادي كلاسيك","سنة","1","4","12434244349040940000","أسود","4.25000"
"571","83498795084766050000","1062","1","ولادي كلاسيك","سنة","5","8","83498795084766050000","أسود","4.80000"
"572","11147162381727734000","1062","1","ولادي كلاسيك","سنة","5","8","11147162381727734000","أزرق داكن","4.80000"
"573","96842860141027670000","1062","1","ولادي كلاسيك","سنة","5","8","96842860141027670000","أزرق فاتح","4.80000"
"574","70759696292250390000","1062","1","ولادي كلاسيك","سنة","9","12","70759696292250390000","أزرق فاتح","5.39000"
"575","19884824104801985000","1062","1","ولادي كلاسيك","سنة","9","12","19884824104801985000","أزرق داكن","5.39000"
"576","45272442757145020000","1062","1","ولادي كلاسيك","سنة","9","12","45272442757145020000","أسود","5.39000"
"577","88199515883407880000","1062","1","ولادي كلاسيك","سنة","13","16","88199515883407880000","أسود","6.00000"
"578","62738866493405300000","1062","1","ولادي كلاسيك","سنة","13","16","62738866493405300000","أزرق داكن","6.00000"
"579","98796709864277410000","1062","1","ولادي كلاسيك","سنة","13","16","98796709864277410000","أزرق فاتح","6.00000"
"580","77599342861540380000","408","14","طقم بنطلون كتان طويل","سنة","6","12","77599342861540380000","زهري","13.00000"
"581","77587295025168380000","408","14","طقم بنطلون كتان طويل","سنة","6","12","77587295025168380000","موف","13.00000"
"582","66773909159375540000","408","14","طقم بنطلون كتان طويل","سنة","6","12","66773909159375540000","أبيض","13.00000"
"583","40973129518178830000","307","14","طقم شورت كتان  ب ب","سنة","2","5","40973129518178830000","موف","11.50000"
"584","21106179859708293000","307","14","طقم شورت كتان  ب ب","سنة","2","5","21106179859708293000","بيج","11.50000"
"585","56537176342250775000","307","14","طقم شورت كتان ب ب","سنة","2","5","56537176342250775000","أبيض","11.50000"
"586","83767919110012720000","307","14","طقم شورت كتان ب ب","سنة","2","5","83767919110012720000","أصفر","11.50000"
"587","41288128564656780000","508","14","بلوزة فل ليكرا ب ب اكسسوار","سنة","2","5","41288128564656780000","زهري","5.50000"
"588","32440763564919108000","508","14","بلوزة فل ليكرا ب ب اكسسوار","سنة","2","5","32440763564919108000","أخضر","5.50000"
"589","80584498874193440000","508","14","بلوزة فل ليكرا ب ب اكسسوار","سنة","2","5","80584498874193440000","فضي","5.50000"
"590","58410404401616340000","508","14","بلوزة فل ليكرا ب ب اكسسوار","سنة","2","5","58410404401616340000","أبيض","5.50000"
"591","43661479603449050000","507","14","بلوزة فل ليكرا ب ب اكسسوار","سنة","2","5","43661479603449050000","أبيض","5.49000"
"592","20210515581398897000","507","14","بلوزة فل ليكرا ب ب اكسسوار","سنة","2","5","20210515581398897000","أخضر","5.49000"
"593","81186322822972380000","507","14","بلوزة فل ليكرا ب ب اكسسوار","سنة","2","5","81186322822972380000","زهري","5.49000"
"594","90575106117085150000","507","14","بلوزة فل ليكرا ب ب اكسسوار","سنة","2","5","90575106117085150000","مشمشي","5.49000"
"595","16848108465622473000","608","14","بلوزة فل ليكرا  وسط اكسسوار","سنة","6","10","16848108465622473000","مشمشي","6.00000"
"596","66577664828218400000","608","14","بلوزة فل ليكرا  وسط اكسسوار","سنة","6","10","66577664828218400000","أبيض","6.00000"
"597","46009319914069820000","608","14","بلوزة فل ليكرا  وسط اكسسوار","سنة","6","10","46009319914069820000","أخضر","6.00000"
"598","86581258149642340000","608","14","بلوزة فل ليكرا  وسط اكسسوار","سنة","6","10","86581258149642340000","زهري","6.00000"
"599","63952555896064475000","352",\N,"تونز صبياني محير","سنة","12","16","63952555896064475000","أسود","12.00000"
"600","84176568176672010000","352",\N,"تونز صبياني محير","سنة","12","16","84176568176672010000","فضي","12.00000"
"601","58554509630847360000","352",\N,"تونز صبياني محير","سنة","12","16","58554509630847360000","أبيض","12.00000"
"602","48183589347500790000","352",\N,"تونز صبياني محير","سنة","12","16","48183589347500790000","كحلي","12.00000"
"603","89971982198421180000","352",\N,"تونز صبياني  وسط","سنة","6","10","89971982198421180000","كحلي","11.00000"
"604","16312360105176592000","352",\N,"تونز صبياني  وسط","سنة","6","10","16312360105176592000","أبيض","11.00000"
"605","40200827458525180000","352",\N,"تونز صبياني  وسط","سنة","6","10","40200827458525180000","أسود","11.00000"
"606","40434908727544010000","352",\N,"تونز صبياني  وسط","سنة","6","10","40434908727544010000","فضي","11.00000"
"607","24830052261084070000","5054","1","بناتي اسبنيول مطاط","سنة","5","8","24830052261084070000","أزرق فاتح","5.75000"
"608","57867531304023950000","5054",\N,"بناتي اسبنيول مطاط","سنة","5","8","57867531304023950000","أزرق داكن","5.75000"
"609","58760877630829200000","5054",\N,"بناتي اسبنيول مطاط","سنة","9","12","58760877630829200000","أزرق داكن","6.30000"
"610","92263822199957620000","5054",\N,"بناتي اسبنيول مطاط","سنة","9","12","92263822199957620000","أزرق فاتح","6.30000"
"611","47557522115459130000","5054",\N,"بناتي اسبنيول مطاط","سنة","13","16","47557522115459130000","أزرق فاتح","7.00000"
"612","51583830150996800000","5054",\N,"بناتي اسبنيول مطاط","سنة","13","16","51583830150996800000","أزرق داكن","7.00000"
"613","48813154746124910000","3451","16","فستان بناتي ب ب","سنة","2","5","48813154746124910000","أبيض","17.50000"
"614","50698234079987290000","3451","16","فستان بناتي ب ب","سنة","2","5","50698234079987290000","أسود","17.50000"
"615","98823561968695640000","3451","16","فستان بناتي ب ب","سنة","2","5","98823561968695640000","أصفر","17.50000"
"616","48847561181480780000","3452","16","فستان بناتي وسط","سنة","6","10","48847561181480780000","أصفر","18.50000"
"617","17428084236810498000","3452","16","فستان بناتي وسط","سنة","6","10","17428084236810498000","أسود","18.50000"
"618","13647071503450681000","3452","16","فستان بناتي وسط","سنة","6","10","13647071503450681000","أبيض","18.50000"
"619","90407982577612930000","3426","16","فستان بناتي جنز ب ب","سنة","2","5","90407982577612930000","أزرق","15.49000"
"620","14771254765254863000","19058","16","سلوبيت ب ب","شهر","6","24","14771254765254863000","اورنج","10.50000"
"621","44406398445870690000","19058","16","سلوبيت ب ب","شهر","6","24","44406398445870690000","أخضر","10.50000"
"622","40421496388724605000","19058","16","سلوبيت ب ب","شهر","6","24","40421496388724605000","أحمر","10.50000"
"623","89821298547393120000","5054",\N,"بنطال بناتي اسبنيولي  خصر مطاط","سنة","5","8","89821298547393120000","ازرق ثلجي","5.78000"
"624","34522429462386390000","5054",\N,"بنطال بناتي اسبنيولي  خصر مطاط","سنة","5","8","34522429462386390000","أسود","5.78000"
"625","58970389780595660000","5040","1","بنطال بناتي","سنة","5","8","58970389780595660000","ازرق ثلجي","5.80000"
"626","37671532122968300000","5040","1","بنطال بناتي","سنة","9","12","37671532122968300000","ازرق ثلجي","6.50000"
"627","46244425481962420000","5040","1","بنطال بناتي","سنة","5","8","46244425481962420000","أسود","5.80000"
"628","41638374906245730000","5040","1","بنطال بناتي","سنة","9","12","41638374906245730000","أسود","6.50000"
"629","88610424880296500000","3436","16","طقم بناتي","سنة","2","5","88610424880296500000","أسود","14.50000"
"630","54895808595158550000","3436","16","طقم بناتي","سنة","2","5","54895808595158550000","فضي","14.50000"
"631","96896036711978420000","3437","16","طقم بناتي","سنة","6","10","96896036711978420000","فضي","15.49000"
"632","80570997255323780000","3437","16","طقم بناتي","سنة","6","10","80570997255323780000","أسود","15.49000"
"633","68120492719849275000","3438","16","طقم بناتي","سنة","2","4","68120492719849275000","أسود","14.50000"
"634","29247343056140067000","3438","16","طقم بناتي","سنة","2","4","29247343056140067000","أبيض","14.50000"
"635","77763038105894880000","3438","16","طقم بناتي","سنة","2","4","77763038105894880000","فضي","14.50000"
"636","22612995613094396000","3439","16","طقم بناتي","سنة","6","10","22612995613094396000","فضي","15.50000"
"637","51336099030271990000","3439","16","طقم بناتي","سنة","6","10","51336099030271990000","أبيض","15.50000"
"638","17347356434990604000","3439","16","طقم بناتي","سنة","6","10","17347356434990604000","أسود","15.50000"
"639","23728055702683943000","3433","16","طقم بناتي","سنة","6","10","23728055702683943000","أسود","15.50000"
"640","61476306289375500000","3433","16","طقم بناتي","سنة","6","10","61476306289375500000","فضي","15.50000"
"641","91257613103119300000","3434","16","طقم بناتي","سنة","2","5","91257613103119300000","فضي","14.50000"
"642","84866531462162140000","3434","16","طقم بناتي","سنة","2","5","84866531462162140000","أسود","14.50000"
"643","87250889827987210000","3432","16","طقم بناتي","سنة","2","5","87250889827987210000","أسود","14.50000"
"644","37008752535975000000","3432","16","طقم بناتي","سنة","2","5","37008752535975000000","فضي","14.50000"
"645","34804324675243266000","3455","16","طقم بناتي","سنة","2","5","34804324675243266000","فضي","18.00000"
"646","73505801564249194000","3455","16","طقم بناتي","سنة","2","5","73505801564249194000","أبيض","18.00000"
"647","83555206499540470000","1151","11","طقم ب ب","سنة","3","5","83555206499540470000","برتقالي","14.99000"
"648","97671403852224610000","1151","11","طقم ب ب","سنة","3","5","97671403852224610000","زهري","14.99000"
"649","81447574600155050000","1151","11","طقم ب ب","سنة","3","5","81447574600155050000","فضي","14.99000"
"650","33233686750265000000","1151","11","طقم ب ب","سنة","3","5","33233686750265000000","أزرق","14.99000"
"651","68371930962219246000","2151","11","طقم وسط","سنة","6","10","68371930962219246000","أزرق","15.50000"
"652","99978087191437950000","2151","11","طقم وسط","سنة","6","10","99978087191437950000","برتقالي","15.50000"
"653","40759787665599510000","2151","11","طقم وسط","سنة","6","10","40759787665599510000","زهري","15.50000"
"654","83895400433017180000","2151","11","طقم وسط","سنة","6","10","83895400433017180000","فضي","15.50000"
"655","64878158821662120000","جود1","15","فستان جود","سنة","3","5","64878158821662120000","فضي","17.00000"
"656","53566501690645780000","جود1","15","فستان جود","سنة","3","5","53566501690645780000","أخضر","17.00000"
"657","60997508152438235000","جود1","15","فستان جود","سنة","3","5","60997508152438235000","أحمر","17.00000"
"658","10716535244722778000","جود1","15","فستان جود","سنة","3","5","10716535244722778000","بيج","17.00000"
"659","65044194687834270000","جود1","15","فستان جود","سنة","3","5","65044194687834270000","بني فاتح","17.00000"
"660","35005485397521170000","9040","15","طقم صبياني مقلم تلت قطع","سنة","6","10","35005485397521170000","أزرق","17.05000"
"661","47656522212273750000","9040","15","طقم صبياني مقلم تلت قطع","سنة","6","10","47656522212273750000","فضي","17.05000"
"662","27107471908172150000","9040","15","طقم صبياني مقلم تلت قطع","سنة","6","10","27107471908172150000","بني","17.05000"
"663","14780980907975197000","9040","15","طقم صبياني مقلم تلت قطع","سنة","6","10","14780980907975197000","زهري","17.05000"
"664","37233119241254445000","9040","15","طقم صبياني مقلم تلت قطع","سنة","12","16","37233119241254445000","زهري","18.00000"
"665","27666101859140740000","9040","15","طقم صبياني مقلم تلت قطع","سنة","12","16","27666101859140740000","أزرق","18.00000"
"666","32268441938842767000","9040","15","طقم صبياني مقلم تلت قطع","سنة","12","16","32268441938842767000","فضي","18.00000"
"667","10923656425623380000","9040","15","طقم صبياني مقلم تلت قطع","سنة","12","16","10923656425623380000","بني","18.00000"
"668","89352873344302760000","9044","15","طقم صبياني سادة تلت قطع","سنة","6","10","89352873344302760000","أزرق","17.05000"
"669","54941545307146800000","9044","15","طقم صبياني سادة تلت قطع","سنة","6","10","54941545307146800000","أزرق فاتح","17.05000"
"670","41382685134988610000","9044","15","طقم صبياني سادة تلت قطع","سنة","6","10","41382685134988610000","بيج فاتح","17.05000"
"671","97097325397973220000","9044","15","طقم صبياني سادة تلت قطع","سنة","6","10","97097325397973220000","بيج غامق","17.05000"
"672","84477806782218600000","9044","15","طقم صبياني سادة تلت قطع","سنة","12","16","84477806782218600000","بيج غامق","18.10000"
"673","61983594846577160000","9044","15","طقم صبياني سادة تلت قطع","سنة","12","16","61983594846577160000","بيج فاتح","18.10000"
"674","39141745846141460000","9044","15","طقم صبياني سادة تلت قطع","سنة","12","16","39141745846141460000","أزرق فاتح","18.10000"
"675","65104974257249000000","9044","15","طقم صبياني سادة تلت قطع","سنة","12","16","65104974257249000000","أزرق","18.10000"
"676","36794262863241175000","1102","15","طقم ب ب","سنة","2","5","36794262863241175000","بيج فاتح","12.00000"
"677","29605101331437190000","1102","15","طقم ب ب","سنة","2","5","29605101331437190000","أسود","12.00000"
"678","19879285871353360000","1102","15","طقم ب ب","سنة","2","5","19879285871353360000","أخضر","12.00000"
"679","14153273570510764000","1102","15","طقم ب ب","سنة","2","5","14153273570510764000","أصفر","12.00000"
"680","70637475499540890000","1103","15","طقم ب ب","سنة","2","5","70637475499540890000","أصفر","12.00000"
"681","34120066481668313000","1103","15","طقم ب ب","سنة","2","5","34120066481668313000","أخضر","12.00000"
"682","94616990581610760000","1103","15","طقم ب ب","سنة","2","5","94616990581610760000","فضي","12.00000"
"683","78211729948555330000","1103","15","طقم ب ب","سنة","2","5","78211729948555330000","كحلي","12.00000"
"684","21383565169218340000","7128","15","بيجاما  ب ب","سنة","3","5","21383565169218340000","أبيض","8.25000"
"685","34746165970662170000","7128","15","بيجاما  ب ب","سنة","3","5","34746165970662170000","أصفر","8.25000"
"686","64957309970058380000","7128","15","بيجاما  ب ب","سنة","3","5","64957309970058380000","أزرق","8.25000"
"687","74168990130162760000","7128","15","بيجاما  ب ب","سنة","3","5","74168990130162760000","فضي","8.25000"
"688","85719325632550160000","8124","15","بيجاما  ب ب","سنة","3","5","85719325632550160000","فضي","8.00000"
"689","85929235113493230000","8124","15","بيجاما  ب ب","سنة","3","5","85929235113493230000","أبيض","8.00000"
"690","12857003569592762000","8124","15","بيجاما  ب ب","سنة","3","5","12857003569592762000","أزرق","8.00000"
"691","71130283902685600000","8124","15","بيجاما  ب ب","سنة","3","5","71130283902685600000","أخضر","8.00000"
"692","43299182481890130000","8222","15","بيجاما  وسط","سنة","6","10","43299182481890130000","أخضر","10.00000"
"693","77739212149630570000","8222","15","بيجاما  وسط","سنة","6","10","77739212149630570000","أزرق","10.00000"
"694","28420640994915754000","8222","15","بيجاما  وسط","سنة","6","10","28420640994915754000","أبيض","10.00000"
"695","22172475425884246000","8222","15","بيجاما  وسط","سنة","6","10","22172475425884246000","بني","10.00000"
"696","57345008719585960000","4450","15","طقم ب ب","سنة","2","5","57345008719585960000","أخضر","9.00000"
"697","97851876209502290000","4450","15","طقم ب ب","سنة","2","5","97851876209502290000","برتقالي","9.00000"
"698","28825322916247814000","4450","15","طقم ب ب","سنة","2","5","28825322916247814000","أصفر","9.00000"
"699","54008798183539940000","1200","15","طقم وسط","سنة","6","10","54008798183539940000","أزرق فاتح","13.00000"
"700","11699579266442942000","1200","15","طقم وسط","سنة","6","10","11699579266442942000","أسود","13.00000"
"701","22392281561491800000","1200","15","طقم وسط","سنة","6","10","22392281561491800000","بيج","13.00000"
"702","94829292849504300000","1200","15","طقم وسط","سنة","6","10","94829292849504300000","زيتي","13.00000"
"703","12091920966177090000","1201","15","طقم وسط","سنة","6","10","12091920966177090000","فضي","13.00000"
"704","32222753741329727000","1201","15","طقم وسط","سنة","6","10","32222753741329727000","كحلي","13.00000"
"705","39228191588166470000","1201","15","طقم وسط","سنة","6","10","39228191588166470000","أزرق","13.00000"
"706","56401029752179974000","1201","15","طقم وسط","سنة","6","10","56401029752179974000","أخضر","13.00000"
"707","88143662953906440000","642","15","كنزة محيرة","سنة","12","16","88143662953906440000","أخضر","5.50000"
"708","19602627493978055000","642","15","كنزة محيرة","سنة","12","16","19602627493978055000","أبيض","5.50000"
"710","32645559826426343000","107","15","قميص وسط","سنة","6","10","32645559826426343000","كرزي","6.00000"
"711","63530011307883420000","642","15","قميص وسط","سنة","6","10","63530011307883420000","قرميدي","6.00000"
"712","31418167410361938000","642","15","قميص وسط","سنة","6","10","31418167410361938000","بيج فاتح","6.00000"
"714","23100334384506716000","106","15","قميص محير","سنة","12","16","23100334384506716000","قرميدي","6.50000"
"715","95259736954619890000","106","15","قميص محير","سنة","12","16","95259736954619890000","كرزي","6.50000"
"716","36083602790662476000","106","15","قميص محير","سنة","12","16","36083602790662476000","بيج","6.50000"
"717","97363321721597260000","808","15","تونز وسط مقلم","سنة","6","12","97363321721597260000","أخضر","11.00000"
"718","37178197694001610000","808","15","تونز وسط مقلم","سنة","6","12","37178197694001610000","بني","11.00000"
"719","18100504651172438000","808","15","تونز وسط مقلم","سنة","6","12","18100504651172438000","فضي","11.00000"
"720","81826822008764470000","807","15","تونز وسط مقلم","سنة","6","12","81826822008764470000","أزرق","11.00000"
"721","34455679743362367000","807","15","تونز وسط مقلم","سنة","6","12","34455679743362367000","أبيض","11.00000"
"722","35821064941796225000","807","15","تونز وسط مقلم","سنة","6","12","35821064941796225000","أخضر","11.00000"
"723","42976098458103185000","817","15","تونز وسط مقلم","سنة","6","12","42976098458103185000","أخضر","11.00000"
"724","45629983809631810000","817","15","تونز وسط مقلم","سنة","6","12","45629983809631810000","أزرق","11.00000"
"725","17197397302242232000","817","15","تونز وسط مقلم","سنة","6","12","17197397302242232000","زيتي","11.00000"
"726","12466407661561696000","917","15","تونز محير","سنة","6","10","12466407661561696000","أزرق","12.00000"
"727","65249854356375770000","917","15","تونز محير","سنة","6","10","65249854356375770000","أخضر","12.00000"
"728","34209428936825487000","917","15","تونز محير","سنة","6","10","34209428936825487000","بيج","12.00000"
"729","74443933394394450000","705","15","طقم ب ب رسمي","سنة","2","5","74443933394394450000","بيج","18.75000"
"730","38706101889232100000","705","15","طقم ب ب رسمي","سنة","2","5","38706101889232100000","زيتي","18.75000"
"731","98771348531572560000","705","15","طقم ب ب رسمي","سنة","2","5","98771348531572560000","كحلي","18.75000"
"732","15011810624622051000","705","15","طقم ب ب رسمي","سنة","2","5","15011810624622051000","فضي","18.75000"
"733","29656590502008156000","705","15","تونز محير","سنة","12","16","29656590502008156000","أبيض","12.00000"
"734","53953129527752745000","705","15","تونز محير","سنة","12","16","53953129527752745000","أصفر","12.00000"
"735","33217382198773390000","705","15","تونز محير","سنة","12","16","33217382198773390000","فضي","12.00000"
"736","42245938945371620000","705","15","تونز محير","سنة","12","16","42245938945371620000","أزرق","12.00000"
"737","35064785377603730000","642","15","كنزة محير","سنة","12","16","35064785377603730000","أسود","5.50000"
"738","53474547939132850000","642","15","كنزة محير","سنة","12","16","53474547939132850000","بيج","5.50000"
"739","29087918910068520000","107","15","قميص وسط","سنة","6","10","29087918910068520000","بيج","6.00000"
"740","38290767469964170000","107","15","قميص وسط","سنة","6","10","38290767469964170000","قرميدي","6.00000"
"741","50049656592695830000","907","15","تونز محير","سنة","12","16","50049656592695830000","أزرق فاتح","12.00000"
"742","41492236163623990000","907","15","تونز محير","سنة","12","16","41492236163623990000","أبيض","12.00000"
"743","21370700430041985000","907","15","تونز محير","سنة","12","16","21370700430041985000","أصفر","12.00000"
"744","59783443200368810000","907","15","تونز محير","سنة","12","16","59783443200368810000","فضي","12.00000"
"745","26030032954618323000","345","4","بلوزة فليكرا وسط","سنة","6","10","26030032954618323000","فضي","4.00000"
"746","77376738140685550000","345","4","بلوزة فليكرا وسط","سنة","6","10","77376738140685550000","كحلي","4.00000"
"747","67270096994145935000","345","4","بلوزة فليكرا وسط","سنة","6","10","67270096994145935000","أصفر","4.00000"
"748","41975831708119970000","345","4","بلوزة فليكرا وسط","سنة","6","10","41975831708119970000","زيتي","4.00000"
"749","61433437840434405000","345","4","بلوزة فليكرا محير","سنة","12","16","61433437840434405000","زيتي","4.00000"
"750","89665669831029800000","345","4","بلوزة فليكرا محير","سنة","12","16","89665669831029800000","أصفر","4.00000"
"751","30957149000144340000","345","4","بلوزة فليكرا محير","سنة","12","16","30957149000144340000","فضي","4.00000"
"752","22949364982006415000","345","4","بلوزة فليكرا محير","سنة","12","16","22949364982006415000","كحلي","4.00000"
"753","10435992852186937000","245","13","طقم توينز شورت ب ب أشكال 3 قطع مع طاقية","سنة","2","5","10435992852186937000","كحلي","14.50000"
"754","16324336090149765000","245","13","طقم توينز شورت ب ب أشكال 3 قطع مع طاقية","سنة","2","5","16324336090149765000","بني","14.50000"
"755","31385753206197375000","245","13","طقم توينز شورت ب ب أشكال 3 قطع مع طاقية","سنة","2","5","31385753206197375000","زيتي","14.50000"
"756","54460995540180960000","345","13","طقم توينز بنتكور وسط أشكال 3 قطع مع طاقية","سنة","6","12","54460995540180960000","زيتي","15.50000"
"757","22408532675514327000","345","13","طقم توينز بنتكوروسط أشكال 3 قطع مع طاقية","سنة","6","12","22408532675514327000","بني","15.50000"
"758","43908327942983290000","345","13","طقم توينز شورت وسط أشكال 3 قطع مع طاقية","سنة","6","12","43908327942983290000","كحلي","15.50000"
"759","18606145058197300000","247","13","طقم توينز شورت ب ب مقلم 3 قطع مع طاقية","سنة","2","5","18606145058197300000","بني","14.50000"
"760","93598983550452420000","247","13","طقم توينز شورت ب ب مقلم 3 قطع مع طاقية","سنة","2","5","93598983550452420000","فضي","14.50000"
"761","48004740290121030000","247","13","طقم توينز شورت ب ب مقلم 3 قطع مع طاقية","سنة","2","5","48004740290121030000","أزرق","14.50000"
"762","60518356327710740000","347","13","طقم توينز بنتكور وسط مقلم 3 قطع مع طاقية","سنة","6","12","60518356327710740000","بني","15.50000"
"763","43540724845686260000","347","13","طقم توينز بنتكور وسط مقلم 3 قطع مع طاقية","سنة","6","12","43540724845686260000","زيتي","15.50000"
"764","81119469597025100000","347","13","طقم توينز بنتكور وسط مقلم 3 قطع مع طاقية","سنة","6","12","81119469597025100000","أزرق","15.50000"
"765","12647732951904805000","4001","1","طقم صبياني وسط","سنة","6","12","12647732951904805000","سكري","11.50000"
"766","63404397359013330000","4002","1","طقم صبياني وسط","سنة","6","12","63404397359013330000","سمني","11.50000"
"767","66286218547837895000","4002","1","طقم صبياني وسط","سنة","6","12","66286218547837895000","فضي","11.50000"
"768","41272182719411536000","4002","1","طقم صبياني وسط","سنة","6","12","41272182719411536000","أبيض","11.50000"
"769","53874564377563730000","4001","1","طقم صبياني وسط","سنة","6","12","53874564377563730000","أسود","11.50000"
"770","36090499898545385000","4001","1","طقم صبياني وسط","سنة","6","12","36090499898545385000","بني","11.50000"
"771","64343576791332274000","348",\N,"طقم تونز بنتكور وسط","سنة","6","12","64343576791332274000","زيتي","16.00000"
"772","85350494444039570000","348",\N,"طقم تونز بنتكور وسط","سنة","6","12","85350494444039570000","كحلي","16.00000"
"773","53638899598158970000","348",\N,"طقم تونز بنتكور وسط","سنة","6","12","53638899598158970000","بني","16.00000"
"774","35227746132938363000","448",\N,"طقم تونز بنتكور محير","سنة","14","18","35227746132938363000","بني","17.00000"
"775","62443288541194200000","448",\N,"طقم تونز بنتكور محير","سنة","14","18","62443288541194200000","كحلي","17.00000"
"776","12084229660499223000","448",\N,"طقم تونز بنتكور محير","سنة","14","18","12084229660499223000","زيتي","17.00000"
"777","66133448472253430000","1061",\N,"بنطال ولادي كلاسيك خصر مطاط","سنة","1","4","66133448472253430000","أزرق داكن","4.50000"
"778","29836785980719180000","1061",\N,"بنطال ولادي كلاسيك خصر مطاط","سنة","1","4","29836785980719180000","أزرق فاتح","4.50000"
"779","97994814132991360000","1061",\N,"بنطال ولادي كلاسيك خصر مطاط","سنة","1","4","97994814132991360000","أسود","4.50000"
"780","83256931889218760000","1061",\N,"بنطال ولادي كلاسيك خصر مطاط","سنة","5","8","83256931889218760000","أسود","5.00000"
"781","39912708443318575000","1061",\N,"بنطال ولادي كلاسيك خصر مطاط","سنة","5","8","39912708443318575000","أزرق داكن","5.00000"
"782","66918490859068400000","1061",\N,"بنطال ولادي كلاسيك خصر مطاط","سنة","5","8","66918490859068400000","أزرق فاتح","5.00000"
"783","92853480809141340000","1061",\N,"بنطال ولادي كلاسيك خصر مطاط","سنة","9","12","92853480809141340000","أزرق فاتح","5.50000"
"784","19263849064224130000","1061",\N,"بنطال ولادي كلاسيك خصر مطاط","سنة","9","12","19263849064224130000","أزرق داكن","5.50000"
"785","10152778027324623000","1061",\N,"بنطال ولادي كلاسيك خصر مطاط","سنة","9","12","10152778027324623000","أسود","5.50000"
"786","80505727527840800000","1061",\N,"بنطال ولادي كلاسيك خصر مطاط","سنة","13","16","80505727527840800000","أسود","6.50000"
"787","13768280771730590000","1061",\N,"بنطال ولادي كلاسيك خصر مطاط","سنة","13","16","13768280771730590000","أزرق داكن","6.50000"
"788","45410779683801650000","1061",\N,"بنطال ولادي كلاسيك خصر مطاط","سنة","13","16","45410779683801650000","أزرق فاتح","6.50000"
"789","63090646650669834000","127",\N,"طقم ب ب بناتي","سنة","2","5","63090646650669834000","أزرق","14.00000"
"790","11614510455103040000","127",\N,"طقم ب ب بناتي","سنة","2","5","11614510455103040000","بني","14.00000"
"791","48377411343703750000","127",\N,"طقم ب ب بناتي","سنة","2","5","48377411343703750000","أخضر","14.00000"
"792","59706269685574590000","127",\N,"طقم ب ب بناتي","سنة","2","5","59706269685574590000","زهري","14.00000"
"793","89838207102532600000","125",\N,"طقم ب ب بناتي","سنة","2","4","89838207102532600000","زهري","14.00000"
"794","69645869228512750000","125",\N,"طقم ب ب بناتي","سنة","2","4","69645869228512750000","زيتي","14.00000"
"795","41479248093569470000","125",\N,"طقم ب ب بناتي","سنة","2","4","41479248093569470000","أبيض","14.00000"
"796","14477984036510510000","125",\N,"طقم ب ب بناتي","سنة","2","4","14477984036510510000","أزرق","14.00000"
"797","46946358731959600000","124",\N,"طقم ب ب بناتي","سنة","2","5","46946358731959600000","أزرق","14.00000"
"798","83927650752033370000","124",\N,"طقم ب ب بناتي","سنة","2","5","83927650752033370000","بني","14.00000"
"799","27469990716195373000","124",\N,"طقم ب ب بناتي","سنة","2","5","27469990716195373000","زهري","14.00000"
"800","51870187598681330000","124",\N,"طقم ب ب بناتي","سنة","2","5","51870187598681330000","أبيض","14.00000"
"801","66314701808401130000","126",\N,"طقم ب ب بناتي","سنة","2","5","66314701808401130000","أبيض","14.00000"
"802","33302057228841734000","126",\N,"طقم ب ب بناتي","سنة","2","5","33302057228841734000","زهري","14.00000"
"803","81013010183272400000","126",\N,"طقم ب ب بناتي","سنة","2","5","81013010183272400000","هاردل (أصفر)","14.00000"
"804","25445259499983626000","130",\N,"طقم ب ب بناتي","سنة","2","5","25445259499983626000","أبيض","14.00000"
"805","98115248372273790000","130",\N,"طقم ب ب بناتي","سنة","2","5","98115248372273790000","بيج","14.00000"
"806","28042293434249118000","125",\N,"طقم ب ب بناتي","سنة","2","4","28042293434249118000","بيج","14.00000"
"807","49351231214255440000","1152",\N,"طقم أشكال تلت قطع مع شورت جنز ب ب","سنة","2","4","49351231214255440000","أصفر","13.50000"
"808","23692573907040910000","1152",\N,"طقم أشكال تلت قطع مع شورت جنز ب ب","سنة","2","4","23692573907040910000","أزرق","13.50000"
"809","16644650647475638000","1152",\N,"طقم أشكال تلت قطع مع شورت جنز ب ب","سنة","2","4","16644650647475638000","بني","13.50000"
"810","87753365088295630000","1152",\N,"طقم أشكال تلت قطع مع شورت جنز ب ب","سنة","2","4","87753365088295630000","زيتي","13.50000"
"811","42301633382149630000","2152",\N,"طقم أشكال تلت قطع مع شورت جنز وسط","سنة","6","10","42301633382149630000","زيتي","15.50000"
"812","14688291584999762000","2152",\N,"طقم أشكال تلت قطع مع شورت جنز وسط","سنة","6","10","14688291584999762000","أصفر","15.50000"
"813","48169746481947970000","2152",\N,"طقم أشكال تلت قطع مع شورت جنز وسط","سنة","6","10","48169746481947970000","أزرق","15.50000"
"814","14125072948441494000","2152",\N,"طقم أشكال تلت قطع مع شورت جنز وسط","سنة","6","10","14125072948441494000","بني","15.50000"
"815","67092706468689190000","807",\N,"تونز وسط مقلم","سنة","6","10","67092706468689190000","أصفر","11.00000"
"816","51097406125821125000","1024","1","بنطلون رابيد بوي فريند","سنة","2","5","51097406125821125000","أزرق فاتح","5.35000"
"817","41735047755647345000","1024","1","بنطلون رابيد بوي فريند","سنة","2","5","41735047755647345000","أسود","5.35000"
"818","85586123687555170000","1024","1","بنطلون رابيد بوي فريند","سنة","2","5","85586123687555170000","أزرق وسط","5.35000"
"819","43443185949930406000","1024","1","بنطلون رابيد بوي فريند","سنة","6","10","43443185949930406000","أزرق وسط","6.04000"
"820","55903293043263726000","1024","1","بنطلون رابيد بوي فريند","سنة","6","10","55903293043263726000","أزرق فاتح","6.04000"
"821","61929600321775790000","1024","1","بنطلون رابيد بوي فريند","سنة","6","10","61929600321775790000","أسود","6.04000"
"822","82038187182057390000","1024","1","بنطلون رابيد بوي فريند","سنة","11","15","82038187182057390000","أزرق وسط","6.90000"
"823","52174980746351346000","1024","1","بنطلون رابيد بوي فريند","سنة","11","15","52174980746351346000","أزرق فاتح","6.90000"
"824","37531370012224225000","1024","1","بنطلون رابيد بوي فريند","سنة","11","15","37531370012224225000","أسود","6.90000"
"825","47945589335738010000","867","15","طقم ولادي وسط 3قطع","سنة","6","12","47945589335738010000","زيتي","16.50000"
"826","85781821916510850000","867","15","طقم ولادي وسط 3قطع","سنة","6","12","85781821916510850000","برتقالي","16.50000"
"827","13496336011286256000","867","15","طقم ولادي وسط 3قطع","سنة","6","12","13496336011286256000","أزرق","16.50000"
"828","16625323294288337000","504","15","طقم ولادي محير","سنة","12","16","16625323294288337000","أزرق","15.50000"
"829","23141752518677850000","504","15","طقم ولادي محير","سنة","12","16","23141752518677850000","أخضر","15.50000"
"830","14934416904572893000","504","15","طقم ولادي محير","سنة","12","16","14934416904572893000","أبيض","15.50000"
"831","14994068936571075000","504","15","طقم ولادي محير","سنة","12","16","14994068936571075000","سكري","15.50000"
"832","11586870765743538000","870","15","طقم ولادي ب ب مع حذاء","سنة","2","5","11586870765743538000","أزرق","16.50000"
"833","95129011711317690000","870","15","طقم ولادي ب ب مع حذاء","سنة","2","5","95129011711317690000","أخضر","16.50000"
"834","16944408375311415000","870","15","طقم ولادي ب ب مع حذاء","سنة","2","5","16944408375311415000","بني","16.50000"
"835","98438266285008450000","503","15","طقم ولادي  وسط","سنة","6","10","98438266285008450000","أخضر","14.50000"
"836","64605004040699920000","503","15","طقم ولادي  وسط","سنة","6","10","64605004040699920000","أبيض","14.50000"
"837","21669577797406900000","503","15","طقم ولادي  وسط","سنة","6","10","21669577797406900000","سمني","14.50000"
"838","21578877845548593000","503","15","طقم ولادي  وسط","سنة","6","10","21578877845548593000","أزرق","14.50000"
"839","23292022073624404000","249","13","طقم توينز شورت ب ب أشكال 3 قطع مع طاقية","سنة","2","5","23292022073624404000","زيتي","14.50000"
"840","47778351438658890000","249","13","طقم توينز شورت ب ب أشكال 3 قطع مع طاقية","سنة","2","5","47778351438658890000","أزرق فاتح","14.50000"
"841","80884867477261320000","249","13","طقم توينز شورت ب ب أشكال 3 قطع مع طاقية","سنة","2","5","80884867477261320000","بيج","14.50000"
"842","91175151500317000000","243","13","طقم  شورت ب ب أشكال 3 قطع مع شنتاية","سنة","2","5","91175151500317000000","برتقالي","11.55000"
"843","27959673604557120000","243","13","طقم  شورت ب ب أشكال 3 قطع مع شنتاية","سنة","2","5","27959673604557120000","زيتي","11.55000"
"844","52823759211008310000","243","13","طقم  شورت ب ب أشكال 3 قطع مع شنتاية","سنة","2","5","52823759211008310000","بيج","11.55000"
"845","48961627665677630000","243","13","طقم  شورت ب ب أشكال 3 قطع مع شنتاية","سنة","2","5","48961627665677630000","بني محروق","11.55000"
"846","57417127120008200000","343","13","طقم  شورت وسط  أشكال 3 قطع مع شنتاية","سنة","6","12","57417127120008200000","أزرق فاتح","12.50000"
"847","65625907884324970000","343","13","طقم  شورت وسط  أشكال 3 قطع مع شنتاية","سنة","6","12","65625907884324970000","بيج","12.50000"
"848","48603171815878255000","343","13","طقم  شورت وسط  أشكال 3 قطع مع شنتاية","سنة","6","12","48603171815878255000","زيتي","12.50000"
"849","18074604879487754000","343","13","طقم  شورت وسط  أشكال 3 قطع مع شنتاية","سنة","6","12","18074604879487754000","بني محروق","12.50000"
"850","11605799787984853000","443","13","طقم  شورت محير  أشكال 3 قطع مع شنتاية","سنة","14","18","11605799787984853000","بيج فاتح","14.50000"
"851","35674014949074830000","443","13","طقم  شورت محير  أشكال 3 قطع مع شنتاية","سنة","14","18","35674014949074830000","أزرق فاتح","14.50000"
"852","65487008456811000000","443","13","طقم  شورت محير  أشكال 3 قطع مع شنتاية","سنة","14","18","65487008456811000000","أسود","14.50000"
"853","37182343026322240000","443","13","طقم  شورت محير  أشكال 3 قطع مع شنتاية","سنة","14","18","37182343026322240000","زيتي","14.50000"
"854","73876538237878730000","132","17","طقم ب ب بناتي تلت قطع مع طاقية","سنة","2","5","73876538237878730000","أصفر","13.20000"
"855","32047113176827490000","132","17","طقم ب ب بناتي تلت قطع مع طاقية","سنة","2","5","32047113176827490000","زهري","13.20000"
"856","36921243177912530000","132","17","طقم ب ب بناتي تلت قطع مع طاقية","سنة","2","5","36921243177912530000","أزرق فاتح","13.20000"
"857","35281791134242500000","132","17","طقم ب ب بناتي تلت قطع مع طاقية","سنة","2","5","35281791134242500000","زيتي","13.20000"
"858","90724662617175970000","129","17","طقم ب ب بناتي تلت قطع مع طاقية","سنة","2","5","90724662617175970000","أزرق فاتح","13.20000"
"859","96313116988502970000","129","17","طقم ب ب بناتي تلت قطع مع طاقية","سنة","2","5","96313116988502970000","بيج","13.20000"
"860","19542558787886223000","129","17","طقم ب ب بناتي تلت قطع مع طاقية","سنة","2","5","19542558787886223000","أخضر مائي (سماوي)","13.20000"
"861","54618916205066640000","129","17","طقم ب ب بناتي تلت قطع مع طاقية","سنة","2","5","54618916205066640000","زهري","13.20000"
"862","91787581027970600000","26007","18","فستان بناتي ب ب","سنة","1","4","91787581027970600000","أزرق","11.00000"
"863","44366255709208764000","26008","18","فستان بناتي ب ب","سنة","1","4","44366255709208764000","زهري","11.00000"
"864","22653252071009124000","26009","18","فستان بناتي ب ب","سنة","1","4","22653252071009124000","أصفر","11.00000"
"865","35184659994328506000","26114","18","فستان بناتي ب ب جنز","سنة","1","4","35184659994328506000","أصفر","13.00000"
"866","43108031647982810000","26164","18","فستان بناتي ب ب","سنة","1","4","43108031647982810000","أخضر","13.00000"
"867","87221036217825380000","26312","18","فستان بناتي ب ب","سنة","3","8","87221036217825380000","أزرق","14.50000"
"868","27220170271965917000","26314","18","فستان بناتي وسط","سنة","3","8","27220170271965917000","أصفر","14.50000"
"869","89857406913004290000","26512","18","فستان بناتي وسط","سنة","3","8","89857406913004290000","أبيض","16.00000"
"870","61728662567045870000","325","17","طقم ب ب بناتي تلت قطع مع طاقية","سنة","6","10","61728662567045870000","زيتي","14.30000"
"871","29193364893376434000","325","17","طقم وسط بناتي تلت قطع مع طاقية","سنة","6","10","29193364893376434000","زهري","14.30000"
"872","30372771892197986000","325","17","طقم وسط بناتي تلت قطع مع طاقية","سنة","6","10","30372771892197986000","بني","14.30000"
"873","29679862876159490000","325","17","طقم ب ب بناتي تلت قطع مع طاقية","سنة","6","10","29679862876159490000","أزرق وسط","14.30000"
"874","38545898133934980000","329","17","طقم وسط بناتي تلت قطع مع طاقية","سنة","6","12","38545898133934980000","بيج فاتح","16.50000"
"875","70953978210330690000","329","17","طقم وسط بناتي تلت قطع مع طاقية","سنة","6","12","70953978210330690000","زيتي","16.50000"
"876","61753578794575160000","329","17","طقم وسط بناتي تلت قطع مع طاقية","سنة","6","12","61753578794575160000","زهري","16.50000"
"877","14865244515621997000","329","17","طقم وسط بناتي تلت قطع مع طاقية","سنة","6","12","14865244515621997000","أزرق فاتح","16.50000"
"878","97826051034407710000","324","17","طقم وسط بناتي تلت قطع مع طاقية","سنة","6","10","97826051034407710000","أسود","15.50000"
"879","32736547314468925000","324","17","طقم وسط بناتي تلت قطع مع طاقية","سنة","6","10","32736547314468925000","أزرق داكن","15.50000"
"880","63494794044887610000","324","17","طقم وسط بناتي تلت قطع مع طاقية","سنة","6","10","63494794044887610000","أبيض","15.50000"
"881","89259322230739780000","324","17","طقم وسط بناتي تلت قطع مع طاقية","سنة","6","10","89259322230739780000","بني","15.50000"
"882","34580161588171440000","4005",\N,"طقم صبياني وسط alo","سنة","6","12","34580161588171440000","بني","11.50000"
"883","95752207936630960000","4005",\N,"طقم صبياني وسط alo","سنة","6","12","95752207936630960000","فضي","11.50000"
"884","79556707478434790000","4005",\N,"طقم صبياني وسط alo","سنة","6","12","79556707478434790000","شوكو","11.50000"
"885","19110671765302673000","4005",\N,"طقم صبياني وسط alo","سنة","6","12","19110671765302673000","أخضر متوسط","11.50000"
"886","20824208449486995000","4007","1","طقم صبياني مطبع","سنة","6","12","20824208449486995000","سمني","12.00000"
"887","41922457335335420000","4007","1","طقم صبياني مطبع","سنة","6","12","41922457335335420000","بني","12.00000"
"888","15581802525956260000","4007","1","طقم صبياني مطبع","سنة","6","12","15581802525956260000","فضي","12.00000"
"889","52581197155666100000","4007","1","طقم صبياني مطبع","سنة","6","12","52581197155666100000","رمادي","12.00000"
"890","94981367181149730000","4007","1","طقم صبياني مطبع","سنة","6","12","94981367181149730000","بني فاتح","12.00000"
"891","18857664150501454000","1013","1","بنطال ولادي بوي فرند","سنة","2","5","18857664150501454000","أزرق فاتح","5.40000"
"892","23440025713729753000","1013","1","بنطال ولادي بوي فرند","سنة","2","5","23440025713729753000","أسود","5.40000"
"893","88835184814016020000","1013","1","بنطال ولادي بوي فرند","سنة","6","10","88835184814016020000","أسود","6.20000"
"894","27789842796938910000","1013","1","بنطال ولادي بوي فرند","سنة","6","10","27789842796938910000","أزرق فاتح","6.20000"
"895","52380383772682070000","504",\N,"طقم بناتي محير بنطلون","سنة","12","16","52380383772682070000","زهري","20.00000"
"896","25896010143826510000","504",\N,"طقم بناتي محير بنطلون","سنة","12","16","25896010143826510000","أصفر","20.00000"
"897","37908607874833300000","504",\N,"طقم بناتي محير بنطلون","سنة","12","16","37908607874833300000","سمني","20.00000"
"898","77030937009922180000","504",\N,"طقم بناتي محير بنطلون","سنة","12","16","77030937009922180000","رمادي","20.00000"
"899","71411348097324070000","504","17","طقم بناتي محير بنطلون","سنة","12","16","71411348097324070000","أزرق فاتح","20.00000"
"900","11984206018734510000","02","19","طقم ب ب مع حذاء","سنة","1","4","11984206018734510000","بترولي","15.00000"
"901","80514075140505010000","052","19","طقم صبياني 3قطع","سنة","1","5","80514075140505010000","بني","15.00000"
"902","95075832338046200000","07","19","طقم ب ب3 قطع مع حذاء","سنة","1","4","95075832338046200000","أزرق","14.00000"
"903","21888946762316055000","07","19","طقم ب ب3 قطع مع حذاء","سنة","1","4","21888946762316055000","بيج","14.00000"
"904","76952241574494010000","04","19","طقم ب ب3 قطع مع حذاء","سنة","1","4","76952241574494010000","بيج","14.00000"
"905","35241291256380326000","04","19","طقم ب ب3 قطع مع حذاء","سنة","1","4","35241291256380326000","أزرق","14.00000"
"906","74166906845873860000","057","19","طقم صبياني 3 قطع","سنة","1","4","74166906845873860000","أخضر","15.00000"
"907","63347863636369000000","057","19","طقم صبياني 3 قطع","سنة","1","4","63347863636369000000","بيج","15.00000"
"908","69412835718311820000","250","13","طقم توينز شورت ب ب مع شنتاية (تلت قطع)","سنة","2","5","69412835718311820000","بني محروق","14.50000"
"909","95196204405191720000","250","13","طقم توينز شورت ب ب مع شنتاية (تلت قطع)","سنة","2","5","95196204405191720000","رمادي","14.50000"
"910","36245608269366360000","250","13","طقم توينز شورت ب ب مع شنتاية (تلت قطع)","سنة","2","5","36245608269366360000","كحلي","14.50000"
"911","37061536088109250000","350","13","طقم توينز بنتكور وسط مع شنتاية (تلت قطع)","سنة","6","12","37061536088109250000","كحلي","15.50000"
"912","85525269430455170000","350","13","طقم توينز بنتكور وسط مع شنتاية (تلت قطع)","سنة","6","12","85525269430455170000","رمادي","15.50000"
"913","68804145785984000000","350","13","طقم توينز بنتكور وسط مع شنتاية (تلت قطع)","سنة","6","12","68804145785984000000","بني محروق","15.50000"
"914","90795882633077100000","450","13","طقم توينز بنتكور محير مع شنتاية (تلت قطع)","سنة","14","18","90795882633077100000","بني محروق","16.00000"
"915","90249238405043180000","450","13","طقم توينز بنتكور محير مع شنتاية (تلت قطع)","سنة","14","18","90249238405043180000","رمادي","16.00000"
"916","76655214105039370000","450","13","طقم توينز بنتكور محير مع شنتاية (تلت قطع)","سنة","14","18","76655214105039370000","كحلي","16.00000"
"917","78750742220474120000","2605","11","بيجاما ب ب بناتي","سنة","2","5","78750742220474120000","أزرق","11.22770"
"918","72561796213029670000","2605","11","بيجاما ب ب بناتي","سنة","2","5","72561796213029670000","أصفر","11.22770"
"919","31917963997308117000","2605","11","بيجاما ب ب بناتي","سنة","2","5","31917963997308117000","بترولي","11.22770"
"920","57135821856001740000","2605","11","بيجاما ب ب بناتي","سنة","2","5","57135821856001740000","بني","11.22770"
"921","98078735408201960000","2539","11","طقم ب ب","سنة","3","5","98078735408201960000","بني","18.00000"
"922","43295333794257040000","2539","11","طقم ب ب","سنة","3","5","43295333794257040000","برتقالي","18.00000"
"923","41355090903549200000","2539","11","طقم ب ب","سنة","3","5","41355090903549200000","أخضر","18.00000"
"924","22187021044325550000","5041",\N,"بنطال بناتي تطريز وستراس","سنة","5","8","22187021044325550000","أزرق داكن","6.80000"
"925","26042050147396604000","5041",\N,"بنطال بناتي تطريز وستراس","سنة","9","12","26042050147396604000","أزرق فاتح","7.50000"
"926","98088708132540870000","5041",\N,"بنطال بناتي تطريز وستراس","سنة","9","12","98088708132540870000","أزرق داكن","7.50000"
"927","42655513208778180000","5041",\N,"بنطال بناتي تطريز وستراس","سنة","13","16","42655513208778180000","أزرق داكن","8.20000"
"928","65323996954348660000","5041",\N,"بنطال بناتي تطريز وستراس","سنة","13","16","65323996954348660000","أزرق فاتح","8.20000"
"929","52482304291419430000","5041",\N,"بنطال بناتي تطريز وستراس","سنة","5","8","52482304291419430000","أزرق فاتح","6.80000"
"930","25604502519527997000","4008",\N,"طقم صبياني وسط","سنة","6","12","25604502519527997000","فضي","11.00000"
"931","98069752703141300000","4008",\N,"طقم صبياني وسط","سنة","6","12","98069752703141300000","أخضر","11.00000"
"932","66716981214424050000","4008",\N,"طقم صبياني وسط","سنة","6","12","66716981214424050000","بني","11.00000"
"933","88094597525190360000","4008",\N,"طقم صبياني وسط","سنة","6","12","88094597525190360000","بيج","11.00000"
"934","10022700044730698000","374","4","بيجاما بندكور محير","سنة","12","16","10022700044730698000","أصفر","9.00000"
"935","53262637064553700000","376","4","بلوزة محير","سنة","12","16","53262637064553700000","أخضر","4.25000"
"936","58799364987676690000","4006","1","طقم ب ب","سنة","2","5","58799364987676690000","زيتي","9.75000"
"937","14356612701294490000","4006","1","طقم ب ب","سنة","2","5","14356612701294490000","بني","9.75000"
"938","29879290745690620000","4006","1","طقم ب ب","سنة","2","5","29879290745690620000","فضي","9.75000"
"939","65484004626619410000","4006","1","طقم ب ب","سنة","2","5","65484004626619410000","سمني","9.75000"
"940","61750308530157625000","4015","1","تونز وسط","سنة","6","12","61750308530157625000","بني","7.50000"
"941","89590417492001750000","4015","1","تونز وسط","سنة","6","12","89590417492001750000","فضي","7.50000"
"942","44719993537380390000","4015","1","تونز وسط","سنة","6","12","44719993537380390000","شوكو","7.50000"
"943","33652639212972410000","4015","1","تونز وسط","سنة","6","12","33652639212972410000","سمني","7.50000"
"944","55131842117362800000","4012","1","طقم  شورت ب ب","سنة","2","5","55131842117362800000","أخضر مائي (سماوي)","10.00000"
"945","48315015171685720000","4012","1","طقم  شورت ب ب","سنة","2","5","48315015171685720000","سمني","10.00000"
"946","80990244793427890000","4012","1","طقم  شورت ب ب","سنة","2","5","80990244793427890000","بني فاتح","10.00000"
"947","47255594165536020000","1001","1","بنطال بوي فريند مطاطا ميكي ماوس","شهر","6","24","47255594165536020000","أزرق فاتح","4.60000"
"948","43258477206630450000","1001","1","بنطال بوي فريند مطاطا ميكي ماوس","شهر","6","24","43258477206630450000","أزرق داكن","4.60000"
"949","81975200345220960000","1001","1","بنطال بوي فريند مطاطا ميكي ماوس","سنة","2","5","81975200345220960000","أزرق داكن","5.00000"
"950","31695324525785450000","1001","1","بنطال بوي فريند مطاطا ميكي ماوس","سنة","2","5","31695324525785450000","أزرق فاتح","5.00000"
"951","67550411463657900000","2613","11","بيجاما بناتي وردات","سنة","12","16","67550411463657900000","أخضر","12.00000"
"952","98165302217857680000","1065","1","بنطال ولادي كلاسيكي","سنة","5","8","98165302217857680000","أسود","5.00000"
"953","14611366929631281000","1065",\N,"بنطال ولادي كلاسيكي","سنة","5","8","14611366929631281000","أزرق وسط","5.00000"
"954","56999851747997295000","1065",\N,"بنطال ولادي كلاسيكي","سنة","5","8","56999851747997295000","أزرق فاتح","5.00000"
"955","38389469473583590000","1065","1","بنطال ولادي كلاسيكي","سنة","9","12","38389469473583590000","أزرق فاتح","5.60000"
"956","46442024596730990000","1065","1","بنطال ولادي كلاسيكي","سنة","9","12","46442024596730990000","أزرق وسط","5.60000"
"957","84652156037925200000","1065","1","بنطال ولادي كلاسيكي","سنة","9","12","84652156037925200000","أسود","5.60000"
"958","62421271619082860000","1065","1","بنطال ولادي كلاسيكي","سنة","13","16","62421271619082860000","أسود","6.21000"
"959","60987182005227725000","1065","1","بنطال ولادي كلاسيكي","سنة","13","16","60987182005227725000","أزرق وسط","6.21000"
"960","64176079856134660000","1065","1","بنطال ولادي كلاسيكي","سنة","13","16","64176079856134660000","أزرق فاتح","6.21000"
"961","34580849492726313000","5075","1","بنطال بناتي اسبنيولي","سنة","13","16","34580849492726313000","أزرق فاتح","5.99250"
"962","99940997269901120000","5075","1","بنطال بناتي اسبنيولي","سنة","13","16","99940997269901120000","ازرق ثلجي","5.99250"
"963","27311604995771650000","5075","1","بنطال بناتي اسبنيولي","سنة","9","12","27311604995771650000","ازرق ثلجي","5.60000"
"964","74824556480943820000","5075","1","بنطال بناتي اسبنيولي","سنة","9","12","74824556480943820000","أزرق فاتح","5.60000"
"965","93614557935231830000","5075","1","بنطال بناتي اسبنيولي","سنة","5","8","93614557935231830000","أزرق فاتح","5.10000"
"966","29939317737517285000","5075","1","بنطال بناتي اسبنيولي","سنة","5","8","29939317737517285000","ازرق ثلجي","5.10000"
"967","39633798218020680000","5044","1","بنطال بناتي اسبنيولي","سنة","5","8","39633798218020680000","أزرق فاتح","5.41000"
"968","85606379280755600000","5044","1","بنطال بناتي اسبنيولي","سنة","5","8","85606379280755600000","أزرق داكن","5.41000"
"969","61405994239122694000","5044","1","بنطال بناتي اسبنيولي","سنة","9","12","61405994239122694000","أزرق داكن","6.00000"
"970","88758193753374240000","5044","1","بنطال بناتي اسبنيولي","سنة","9","12","88758193753374240000","أزرق فاتح","6.00000"
"971","12241074454176197000","5044","1","بنطال بناتي اسبنيولي","سنة","13","16","12241074454176197000","أزرق فاتح","6.75000"
"972","42572040780625400000","5044","1","بنطال بناتي اسبنيولي","سنة","13","16","42572040780625400000","أزرق داكن","6.75000"
"973","56892042702033540000","5070",\N,"بنطال بناتي بوي فريند","سنة","2","5","56892042702033540000","أزرق داكن","5.25000"
"974","60041035436824760000","5070",\N,"بنطال بناتي بوي فريند","سنة","2","5","60041035436824760000","أزرق فاتح","5.25000"
"975","76894675321792200000","5070",\N,"بنطال بناتي بوي فريند","سنة","6","10","76894675321792200000","أزرق فاتح","5.85000"
"976","69411321573711590000","5070",\N,"بنطال بناتي بوي فريند","سنة","6","10","69411321573711590000","أزرق داكن","5.85000"
"977","34433336486853255000","4013",\N,"طقم شورت ب ب","سنة","2","5","34433336486853255000","أخضر مائي (سماوي)","10.00000"
"978","20543439845298274000","4013",\N,"طقم شورت ب ب","سنة","2","5","20543439845298274000","بيج فاتح","10.00000"
"979","34420423224749363000","4013",\N,"طقم شورت ب ب","سنة","2","5","34420423224749363000","سمني","10.00000"
"980","41505448968213050000","1009","1","بنطال خصر مطاطا","سنة","11","15","41505448968213050000","أزرق داكن","6.85000"
"981","54970366008811050000","1009","1","بنطال خصر مطاطا","سنة","11","15","54970366008811050000","أزرق فاتح","6.85000"
"982","10577330959717075000","1009",\N,"بنطال خصر مطاطا","سنة","11","15","10577330959717075000","أسود","6.85000"
"983","23655752102916305000","1009","1","بنطال خصر مطاطا","سنة","11","15","23655752102916305000","ديرتي","6.85000"
"984","97151791195846100000","1009","1","بنطال خصر مطاطا","سنة","6","10","97151791195846100000","أزرق داكن","5.89000"
"985","80784128580715680000","1009","1","بنطال خصر مطاطا","سنة","2","5","80784128580715680000","أزرق داكن","5.15000"
"986","29663155404655534000","062","19","بيجاما صبياني وسط","سنة","4","7","29663155404655534000","سكري","6.50000"
"987","45959615949885374000","062","19","بيجاما صبياني وسط","سنة","4","7","45959615949885374000","فضي","6.50000"
"988","17978218994377450000","08","19","بيجاما صبياني  ب ب","شهر","6","24","17978218994377450000","زيتي","5.50000"
"989","46210891594603710000","08","19","بيجاما صبياني  ب ب","شهر","6","24","46210891594603710000","بني","5.50000"
"990","12777190477930926000","1070","1","بنطال ولادي  بوي فريند","سنة","2","5","12777190477930926000","أزرق داكن","5.15000"
"991","87281932658440830000","1070","1","بنطال ولادي  بوي فريند","سنة","2","5","87281932658440830000","أزرق فاتح","5.15000"
"992","77129668952257180000","1070","1","بنطال ولادي  بوي فريند","سنة","6","10","77129668952257180000","أزرق فاتح","5.90000"
"993","53563737142774180000","1070","1","بنطال ولادي  بوي فريند","سنة","6","10","53563737142774180000","أزرق داكن","5.90000"
"994","55463375908864100000","1070","1","بنطال ولادي  بوي فريند","سنة","11","15","55463375908864100000","أزرق داكن","6.90000"
"995","80039292864378440000","1070","1","بنطال ولادي  بوي فريند","سنة","11","15","80039292864378440000","أزرق فاتح","6.90000"
"996","44181739944964465000","5052","1","بنطال بناتي اسبنيولي","سنة","5","8","44181739944964465000","أزرق داكن","6.00000"
"997","46235044730996965000","5052","1","بنطال بناتي اسبنيولي","سنة","9","12","46235044730996965000","أزرق داكن","6.70000"
"998","27209660892175356000","1040","1","ولادي بوي فريند","شهر","6","24","27209660892175356000","أزرق داكن","4.60000"
"999","95124093969676350000","1040","1","ولادي بوي فريند","شهر","6","24","95124093969676350000","أزرق فاتح","4.60000"
"1000","41589002180522280000","1040","1","ولادي بوي فريند","شهر","6","24","41589002180522280000","أسود","4.60000"
"1001","21283928283360596000","1040","1","ولادي بوي فريند","شهر","6","24","21283928283360596000","ديرتي","4.60000"
"1002","33754281526575264000","1040","1","ولادي بوي فريند","سنة","2","5","33754281526575264000","ديرتي","5.15000"
"1003","22439913810329750000","1040","1","ولادي بوي فريند","سنة","2","5","22439913810329750000","أزرق داكن","5.15000"
"1004","63599401222578370000","1040","1","ولادي بوي فريند","سنة","2","5","63599401222578370000","أزرق فاتح","5.15000"
"1005","28588022326338257000","1040","1","ولادي بوي فريند","سنة","2","5","28588022326338257000","أسود","5.15000"
"1006","75792912211588610000","1040","1","ولادي بوي فريند","سنة","6","10","75792912211588610000","أسود","6.90000"
"1007","40415646071999450000","1040","1","ولادي بوي فريند","سنة","6","10","40415646071999450000","أزرق داكن","6.90000"
"1008","84242519244311600000","1040","1","ولادي بوي فريند","سنة","6","10","84242519244311600000","أزرق فاتح","6.90000"
"1009","11162765508445810000","1040","1","ولادي بوي فريند","سنة","6","10","11162765508445810000","ديرتي","6.90000"
"1010","25854044003549020000","5069","1","بناتي  بوي فريند","سنة","2","5","25854044003549020000","أزرق فاتح","5.15000"
"1011","40932662208557744000","5069","1","بناتي  بوي فريند","سنة","2","5","40932662208557744000","أزرق وسط","5.15000"
"1012","95255641989419200000","5069","1","بناتي  بوي فريند","سنة","6","10","95255641989419200000","أزرق وسط","5.70000"
"1013","35771980559810253000","5069","1","بناتي  بوي فريند","سنة","6","10","35771980559810253000","أزرق فاتح","5.70000"
"1014","70796326107133305000","5069","1","بناتي  بوي فريند","سنة","11","15","70796326107133305000","أزرق فاتح","6.50000"
"1015","67644504597095290000","5069","1","بناتي  بوي فريند","سنة","11","15","67644504597095290000","أزرق وسط","6.50000"
"1016","39983005423710960000","261","2","شورت بناتي ب ب","سنة","1","5","39983005423710960000","أزرق فاتح","4.50000"
"1017","80225962307619640000","2612","11","بيجاما بناتي وسط","سنة","6","12","80225962307619640000","أزرق","10.50000"
"1018","97459989448153330000","1063","1","بنطال ولادي كلاسيك","سنة","1","4","97459989448153330000","أزرق داكن","4.43000"
"1019","67291862421557764000","1063","1","بنطال ولادي كلاسيك","سنة","1","4","67291862421557764000","أزرق فاتح","4.43000"
"1020","32656905927348097000","1063","1","بنطال ولادي كلاسيك","سنة","1","4","32656905927348097000","أسود","4.43000"
"1021","44150214909957820000","1063","1","بنطال ولادي كلاسيك","سنة","5","8","44150214909957820000","أسود","5.00000"
"1022","56978916101774040000","1063","1","بنطال ولادي كلاسيك","سنة","5","8","56978916101774040000","أزرق داكن","5.00000"
"1023","82783911967903840000","1063","1","بنطال ولادي كلاسيك","سنة","5","8","82783911967903840000","أزرق فاتح","5.00000"
"1024","44827799024756200000","1063","1","بنطال ولادي كلاسيك","سنة","9","12","44827799024756200000","أزرق فاتح","5.65000"
"1025","87925154275090990000","1063","1","بنطال ولادي كلاسيك","سنة","9","12","87925154275090990000","أزرق داكن","5.65000"
"1026","41382852895527070000","1063","1","بنطال ولادي كلاسيك","سنة","9","12","41382852895527070000","أسود","5.65000"
"1027","48996604521169790000","1063","1","بنطال ولادي كلاسيك","سنة","13","16","48996604521169790000","أسود","6.21000"
"1028","15743354303406416000","1063","1","بنطال ولادي كلاسيك","سنة","13","16","15743354303406416000","أزرق داكن","6.21000"
"1029","71002070567794290000","1063","1","بنطال ولادي كلاسيك","سنة","13","16","71002070567794290000","أزرق فاتح","6.21000"
"1030","99389158791839660000","5050","1","بنطال بناتي اسبنيولي","سنة","5","8","99389158791839660000","أزرق داكن","5.50000"
"1031","36853484691237487000","5050","1","بنطال بناتي اسبنيولي","سنة","5","8","36853484691237487000","أزرق فاتح","5.50000"
"1032","83429607717709480000","5050","1","بنطال بناتي اسبنيولي","سنة","9","12","83429607717709480000","أزرق فاتح","6.00000"
"1033","42693436692496040000","5050","1","بنطال بناتي اسبنيولي","سنة","9","12","42693436692496040000","أزرق داكن","6.00000"
"1034","53909810639111590000","3211","15","بيجاما بناتي وردات قطن","سنة","12","16","53909810639111590000","بيج","10.00000"
"1035","58397915797378500000","3211","15","بيجاما بناتي وردات قطن","سنة","12","16","58397915797378500000","فستقي","10.00000"
"1036","31932623720201052000","3211","15","بيجاما بناتي وردات قطن","سنة","12","16","31932623720201052000","زهري","10.00000"
"1037","69948026357729034000","3211","15","بيجاما بناتي وردات قطن","سنة","12","16","69948026357729034000","أبيض","10.00000"
"1038","27411746799162892000","1076","1","بنطال ولادي بوي فرند","سنة","2","5","27411746799162892000","أزرق داكن","5.12000"
"1039","82710019323919960000","1076","1","بنطال ولادي بوي فرند","سنة","2","5","82710019323919960000","أزرق فاتح","5.12000"
"1040","34592883079786870000","1076","1","بنطال ولادي بوي فرند","سنة","2","5","34592883079786870000","أسود","5.12000"
"1041","34193360932341903000","1076","1","بنطال ولادي بوي فرند","سنة","6","10","34193360932341903000","أسود","5.90000"
"1042","15578532782532805000","1076","1","بنطال ولادي بوي فرند","سنة","6","10","15578532782532805000","أزرق داكن","5.90000"
"1043","80516358717520250000","1076","1","بنطال ولادي بوي فرند","سنة","6","10","80516358717520250000","أزرق فاتح","5.90000"
"1044","94728861416907200000","1076","1","بنطال ولادي بوي فرند","سنة","11","15","94728861416907200000","أزرق فاتح","6.85000"
"1045","85578870442000370000","1076","1","بنطال ولادي بوي فرند","سنة","11","15","85578870442000370000","أزرق داكن","6.85000"
"1046","97500525656225050000","1076","1","بنطال ولادي بوي فرند","سنة","11","15","97500525656225050000","أسود","6.85000"
"1047","88571698796562630000","2553","11","بيجاما ب ب بنطلون","سنة","2","5","88571698796562630000","أصفر","8.50000"
"1048","55481445047045980000","2553","11","بيجاما ب ب بنطلون","سنة","2","5","55481445047045980000","فومي","8.50000"
"1049","81976014534579780000","2553","11","بيجاما ب ب بنطلون","سنة","2","5","81976014534579780000","زهري","8.50000"
"1050","87321855775652400000","2553","11","بيجاما ب ب بنطلون","سنة","2","5","87321855775652400000","بني","8.50000"
"1051","33173389223374553000","2554","11","بيجاما ب ب شورت","سنة","2","5","33173389223374553000","موف","7.00000"
"1052","47448356046886460000","2554","11","بيجاما ب ب شورت","سنة","2","5","47448356046886460000","سمني","7.00000"
"1053","23408512102793350000","2554","11","بيجاما ب ب شورت","سنة","2","5","23408512102793350000","بني","7.00000"
"1054","64438047892401940000","2554","11","بيجاما ب ب شورت","سنة","2","5","64438047892401940000","زهري","7.00000"
"1055","82352464787022410000","829","15","طقم وسط بناتي","سنة","6","10","82352464787022410000","أبيض","8.00000"
"1056","79311251271818700000","4225","15","بيجاما ولادي","سنة","2","5","79311251271818700000","أبيض","7.00000"
"1057","16917962379291079000","4225","15","بيجاما ولادي","سنة","2","5","16917962379291079000","أزرق وسط","7.00000"
"1058","19602322463237464000","4225","15","بيجاما ولادي","سنة","2","5","19602322463237464000","اورنج","7.00000"
"1059","70592829721836830000","5057","1","بنطال بناتي اسبنيولي مارينز","سنة","5","8","70592829721836830000","أزرق داكن","5.30000"
"1060","73206739314692090000","5057","1","بنطال بناتي اسبنيولي مارينز","سنة","5","8","73206739314692090000","أزرق فاتح","5.30000"
"1061","17717084749101724000","5057","1","بنطال بناتي اسبنيولي مارينز","سنة","9","12","17717084749101724000","أزرق فاتح","6.10000"
"1062","31167392362887328000","5057","1","بنطال بناتي اسبنيولي مارينز","سنة","9","12","31167392362887328000","أزرق داكن","6.10000"
"1063","77355310198623520000","5057","1","بنطال بناتي اسبنيولي مارينز","سنة","13","16","77355310198623520000","أزرق داكن","7.00000"
"1064","59443020986165850000","5057","1","بنطال بناتي اسبنيولي مارينز","سنة","13","16","59443020986165850000","أزرق فاتح","7.00000"
"1065","25208145873729917000","5058","1","بنطال بناتب اسبنيولي","سنة","5","8","25208145873729917000","أزرق داكن","6.20000"
"1066","89754894773218870000","5058","1","بنطال بناتب اسبنيولي","سنة","5","8","89754894773218870000","أزرق فاتح","6.20000"
"1067","69055844298354020000","5058","1","بنطال بناتب اسبنيولي","سنة","9","12","69055844298354020000","أزرق فاتح","7.00000"
"1068","75329080745847390000","5058","1","بنطال بناتب اسبنيولي","سنة","9","12","75329080745847390000","أزرق داكن","7.00000"
"1069","92576367506434800000","5058","1","بنطال بناتب اسبنيولي","سنة","13","16","92576367506434800000","أزرق داكن","7.90000"
"1070","59187830861336160000","5058","1","بنطال بناتب اسبنيولي","سنة","13","16","59187830861336160000","أزرق فاتح","7.90000"
"1071","11515353889018524000","5085","1","بنطال بناتي مدرسي اسبنيولي","سنة","5","8","11515353889018524000","أزرق داكن","5.50000"
"1072","41686216853766970000","5085","1","بنطال بناتي مدرسي اسبنيولي","سنة","5","8","41686216853766970000","أزرق داكن","5.50000"
"1073","59872236507412340000","5085","1","بنطال بناتي مدرسي اسبنيولي","سنة","9","12","59872236507412340000","أزرق داكن","6.10000"
"1074","70381814145406984000","5085","1","بنطال بناتي مدرسي اسبنيولي","سنة","9","12","70381814145406984000","أزرق داكن","6.10000"
"1075","75201575343066920000","5085","1","بنطال بناتي مدرسي اسبنيولي","سنة","13","16","75201575343066920000","أزرق داكن","6.85000"
"1076","14167868450342690000","5085","1","بنطال بناتي مدرسي اسبنيولي","سنة","13","16","14167868450342690000","أزرق داكن","6.85000"
"1077","49450348152057995000","5091","1","بنطال بناتي اسبنيولي","سنة","6","9","49450348152057995000","أزرق داكن","5.01529"
"1078","86887271280181460000","5091","1","بنطال بناتي اسبنيولي","سنة","9","12","86887271280181460000","أزرق داكن","5.47283"
"1079","25897628803252797000","1123",\N,"بنطال جنز كلاسيك اسود","سنة","5","8","25897628803252797000","أسود","5.00000"
"1080","58438719485573850000","1123",\N,"بنطال جنز كلاسيك اسود","سنة","9","12","58438719485573850000","أسود","5.65000"
"1081","90756259463167890000","1123",\N,"بنطال جنز كلاسيك اسود","سنة","13","16","90756259463167890000","أسود","6.22000"
"1082","66226973896411570000","1130","1","بنطال جنز قطن ك","سنة","5","8","66226973896411570000","أزرق داكن","5.60000"
"1083","13866457228731003000","1130","1","بنطال جنز قطن ك","سنة","9","12","13866457228731003000","أزرق داكن","6.25000"
"1084","64597944463116255000","1130","1","بنطال جنز قطن ك","سنة","13","16","64597944463116255000","أزرق داكن","7.00000"
"1085","83042566612570600000","5085","1","بنطال بناتي مدرسي اسبنيولي","سنة","5","8","83042566612570600000","أسود","5.50000"
"1086","30586656251128720000","5085","1","بنطال بناتي مدرسي اسبنيولي","سنة","9","12","30586656251128720000","أسود","6.10000"
"1087","83490948720248880000","5085","1","بنطال بناتي مدرسي اسبنيولي","سنة","13","16","83490948720248880000","أسود","6.85000"
"1088","35630796652461610000","5089","1","بنطال بناتي اسبنيولي","سنة","5","8","35630796652461610000","أزرق داكن","5.65000"
"1089","75712451210013640000","5089","1","بنطال بناتي اسبنيولي","سنة","5","8","75712451210013640000","أسود","5.65000"
"1090","18383188909843750000","5089","1","بنطال بناتي اسبنيولي","سنة","9","12","18383188909843750000","أسود","6.35000"
"1091","76227505663245930000","5089","1","بنطال بناتي اسبنيولي","سنة","9","12","76227505663245930000","أزرق داكن","6.35000"
"1092","76604251393663600000","5089","1","بنطال بناتي اسبنيولي","سنة","13","16","76604251393663600000","أزرق داكن","7.20000"
"1093","16857591609589146000","5089","1","بنطال بناتي اسبنيولي","سنة","13","16","16857591609589146000","أسود","7.20000"
"1094","81857450082453060000","1134","1","بنطال ولادي باكي","سنة","5","8","81857450082453060000","أزرق وسط","5.87000"
"1095","76652584697642750000","1134","1","بنطال ولادي باكي","سنة","5","8","76652584697642750000","أزرق داكن","5.87000"
"1096","65216048419969090000","1134","1","بنطال ولادي باكي","سنة","9","12","65216048419969090000","أزرق داكن","6.62000"
"1097","24829266652489466000","1134","1","بنطال ولادي باكي","سنة","9","12","24829266652489466000","أزرق وسط","6.62000"
"1098","40560978735997680000","1134","1","بنطال ولادي باكي","سنة","13","16","40560978735997680000","أزرق وسط","7.54000"
"1099","97815277720267150000","1134","1","بنطال ولادي باكي","سنة","13","16","97815277720267150000","أزرق داكن","7.54000"
"1100","34487926657225404000","زيادات","1","بنطال ولادي زيادات","سنة","1","10","34487926657225404000","أزرق داكن","2.60000"
"1101","60191842092287550000","1047","1","بنطال ولادي بوي فريند","سنة","2","5","60191842092287550000","أزرق داكن","5.40000"
"1102","27373033873031733000","1047","1","بنطال ولادي بوي فريند","سنة","6","10","27373033873031733000","أزرق داكن","6.20000"
"1103","36490614315656204000","5094","1","بنطال زارا اسبنيولي","سنة","2","5","36490614315656204000","أزرق داكن","5.00000"
"1104","41623284978400730000","5094","1","بنطال زارا اسبنيولي","سنة","2","5","41623284978400730000","أسود","5.00000"
"1105","67638209227160320000","5094","1","بنطال زارا اسبنيولي","سنة","5","8","67638209227160320000","أسود","5.60000"
"1106","99658198665913750000","5094","1","بنطال زارا اسبنيولي","سنة","5","8","99658198665913750000","أزرق داكن","5.57957"
"1107","88970509398997070000","5094","1","بنطال زارا اسبنيولي","سنة","9","12","88970509398997070000","أزرق داكن","6.10000"
"1108","71916247603106580000","5094","1","بنطال زارا اسبنيولي","سنة","9","12","71916247603106580000","أسود","6.10000"
